,datetime,id,open,high,low,close,volume,open_oi,close_oi,symbol,duration
0,1.6424208e+18,0.0,662.5,667.0,660.0,662.5,199.0,0.0,163.0,DCE.i2301,7200
1,1.642428e+18,1.0,662.5,663.0,660.5,663.0,56.0,163.0,202.0,DCE.i2301,7200
2,1.642464e+18,2.0,663.0,663.0,651.5,652.0,95.0,202.0,263.0,DCE.i2301,7200
3,1.6424712e+18,3.0,652.0,661.5,652.0,657.5,79.0,263.0,282.0,DCE.i2301,7200
4,1.6424784e+18,4.0,657.5,660.5,657.5,659.0,14.0,282.0,281.0,DCE.i2301,7200
5,1.6424856e+18,5.0,659.0,667.0,659.0,666.0,897.0,281.0,298.0,DCE.i2301,7200
6,1.6425072e+18,6.0,668.0,687.0,668.0,687.0,149.0,298.0,321.0,DCE.i2301,7200
7,1.6425144e+18,7.0,687.0,689.5,683.5,689.0,79.0,321.0,336.0,DCE.i2301,7200
8,1.6425504e+18,8.0,689.0,692.0,681.0,690.0,61.0,336.0,356.0,DCE.i2301,7200
9,1.6425576e+18,9.0,690.0,694.5,687.5,692.0,48.0,356.0,363.0,DCE.i2301,7200
10,1.6425648e+18,10.0,695.0,695.0,681.0,685.5,40.0,363.0,374.0,DCE.i2301,7200
11,1.642572e+18,11.0,685.5,692.0,685.5,690.5,17.0,374.0,371.0,DCE.i2301,7200
12,1.6425936e+18,12.0,695.0,699.5,690.0,692.0,191.0,371.0,438.0,DCE.i2301,7200
13,1.6426008e+18,13.0,692.0,696.0,691.5,696.0,85.0,438.0,436.0,DCE.i2301,7200
14,1.6426368e+18,14.0,696.0,698.0,689.0,692.5,55.0,436.0,446.0,DCE.i2301,7200
15,1.642644e+18,15.0,692.5,695.0,689.0,691.5,74.0,446.0,430.0,DCE.i2301,7200
16,1.6426512e+18,16.0,691.5,695.5,691.5,693.0,11.0,430.0,431.0,DCE.i2301,7200
17,1.6426584e+18,17.0,693.0,698.5,691.5,694.5,68.0,431.0,435.0,DCE.i2301,7200
18,1.64268e+18,18.0,694.5,707.0,694.0,706.5,153.0,435.0,501.0,DCE.i2301,7200
19,1.6426872e+18,19.0,706.5,713.0,705.5,710.5,197.0,501.0,576.0,DCE.i2301,7200
20,1.6427232e+18,20.0,710.5,713.5,701.0,704.5,151.0,576.0,608.0,DCE.i2301,7200
21,1.6427304e+18,21.0,704.5,708.0,700.0,704.5,197.0,608.0,676.0,DCE.i2301,7200
22,1.6427376e+18,22.0,704.5,706.0,703.0,706.0,32.0,676.0,681.0,DCE.i2301,7200
23,1.6427448e+18,23.0,706.0,709.0,705.0,705.0,93.0,681.0,685.0,DCE.i2301,7200
24,1.6427664e+18,24.0,708.5,717.0,705.0,714.0,430.0,685.0,825.0,DCE.i2301,7200
25,1.6427736e+18,25.0,714.0,722.0,714.0,716.5,133.0,825.0,808.0,DCE.i2301,7200
26,1.6429824e+18,26.0,718.5,725.0,710.0,712.0,207.0,808.0,830.0,DCE.i2301,7200
27,1.6429896e+18,27.0,712.0,712.5,700.0,707.5,150.0,830.0,830.0,DCE.i2301,7200
28,1.6429968e+18,28.0,708.5,711.0,708.0,710.0,116.0,830.0,927.0,DCE.i2301,7200
29,1.643004e+18,29.0,710.0,710.0,696.0,697.5,126.0,927.0,958.0,DCE.i2301,7200
30,1.6430256e+18,30.0,699.0,700.5,693.0,696.5,228.0,958.0,1092.0,DCE.i2301,7200
31,1.6430328e+18,31.0,696.5,697.5,692.0,694.5,53.0,1092.0,1096.0,DCE.i2301,7200
32,1.6430688e+18,32.0,694.5,702.0,694.5,701.0,111.0,1096.0,1081.0,DCE.i2301,7200
33,1.643076e+18,33.0,701.0,714.0,701.0,714.0,176.0,1081.0,1061.0,DCE.i2301,7200
34,1.6430832e+18,34.0,714.0,716.0,709.0,715.0,44.0,1061.0,1050.0,DCE.i2301,7200
35,1.6430904e+18,35.0,715.0,716.5,713.0,715.0,155.0,1050.0,1062.0,DCE.i2301,7200
36,1.643112e+18,36.0,718.0,722.0,715.5,720.0,167.0,1062.0,1075.0,DCE.i2301,7200
37,1.6431192e+18,37.0,720.0,721.0,710.0,712.0,154.0,1075.0,1035.0,DCE.i2301,7200
38,1.6431552e+18,38.0,712.0,715.0,705.0,710.0,123.0,1035.0,1049.0,DCE.i2301,7200
39,1.6431624e+18,39.0,710.0,716.0,705.5,706.0,114.0,1049.0,1065.0,DCE.i2301,7200
40,1.6431696e+18,40.0,706.0,710.5,705.0,710.0,51.0,1065.0,1064.0,DCE.i2301,7200
41,1.6431768e+18,41.0,710.0,721.5,710.0,719.0,242.0,1064.0,1079.0,DCE.i2301,7200
42,1.6431984e+18,42.0,722.0,723.0,715.0,720.0,134.0,1079.0,1101.0,DCE.i2301,7200
43,1.6432056e+18,43.0,720.0,723.0,718.0,723.0,37.0,1101.0,1096.0,DCE.i2301,7200
44,1.6432416e+18,44.0,723.0,727.5,716.0,716.0,137.0,1096.0,1107.0,DCE.i2301,7200
45,1.6432488e+18,45.0,716.0,720.0,711.5,717.0,69.0,1107.0,1104.0,DCE.i2301,7200
46,1.643256e+18,46.0,717.0,720.0,715.5,720.0,26.0,1104.0,1106.0,DCE.i2301,7200
47,1.6432632e+18,47.0,720.0,720.0,715.0,719.0,43.0,1106.0,1114.0,DCE.i2301,7200
48,1.6432848e+18,48.0,720.0,736.0,719.0,731.5,264.0,1114.0,1118.0,DCE.i2301,7200
49,1.643292e+18,49.0,731.5,737.0,731.0,734.0,114.0,1118.0,1122.0,DCE.i2301,7200
50,1.643328e+18,50.0,734.0,738.0,729.5,738.0,205.0,1122.0,1076.0,DCE.i2301,7200
51,1.6433352e+18,51.0,738.0,743.5,733.5,741.5,202.0,1076.0,1091.0,DCE.i2301,7200
52,1.6433424e+18,52.0,741.5,750.0,741.5,750.0,121.0,1091.0,1054.0,DCE.i2301,7200
53,1.6433496e+18,53.0,750.0,762.5,742.0,757.0,224.0,1054.0,1062.0,DCE.i2301,7200
54,1.644192e+18,54.0,755.0,755.0,737.0,751.0,239.0,1062.0,1101.0,DCE.i2301,7200
55,1.6441992e+18,55.0,751.0,770.0,749.5,764.5,153.0,1101.0,1156.0,DCE.i2301,7200
56,1.6442064e+18,56.0,764.5,764.5,760.0,762.0,79.0,1156.0,1195.0,DCE.i2301,7200
57,1.6442136e+18,57.0,762.0,762.5,749.5,752.0,245.0,1195.0,1211.0,DCE.i2301,7200
58,1.6442352e+18,58.0,754.0,777.5,754.0,776.0,452.0,1211.0,1372.0,DCE.i2301,7200
59,1.6442424e+18,59.0,776.0,777.5,770.5,774.5,118.0,1372.0,1399.0,DCE.i2301,7200
60,1.6442784e+18,60.0,776.0,777.0,768.0,773.0,242.0,1399.0,1467.0,DCE.i2301,7200
61,1.6442856e+18,61.0,773.0,778.5,765.5,773.0,280.0,1467.0,1542.0,DCE.i2301,7200
62,1.6442928e+18,62.0,773.0,775.0,767.5,774.5,49.0,1542.0,1547.0,DCE.i2301,7200
63,1.6443e+18,63.0,774.5,775.5,753.5,760.0,1821.0,1547.0,2711.0,DCE.i2301,7200
64,1.6443216e+18,64.0,757.0,757.0,743.5,748.0,825.0,2711.0,2865.0,DCE.i2301,7200
65,1.6443288e+18,65.0,748.0,749.5,741.5,746.5,591.0,2865.0,3248.0,DCE.i2301,7200
66,1.6443648e+18,66.0,746.5,749.0,729.5,730.5,550.0,3248.0,3435.0,DCE.i2301,7200
67,1.644372e+18,67.0,730.5,734.0,727.0,728.0,198.0,3435.0,3514.0,DCE.i2301,7200
68,1.6443792e+18,68.0,728.0,733.5,728.0,731.0,101.0,3514.0,3543.0,DCE.i2301,7200
69,1.6443864e+18,69.0,731.0,733.0,725.0,727.0,740.0,3543.0,4122.0,DCE.i2301,7200
70,1.644408e+18,70.0,730.0,741.0,726.0,739.0,1034.0,4122.0,4846.0,DCE.i2301,7200
71,1.6444152e+18,71.0,739.0,741.5,736.0,741.5,97.0,4846.0,4851.0,DCE.i2301,7200
72,1.6444512e+18,72.0,741.5,746.0,739.0,746.0,103.0,4851.0,4849.0,DCE.i2301,7200
73,1.6444584e+18,73.0,746.0,747.5,743.0,747.5,238.0,4849.0,4804.0,DCE.i2301,7200
74,1.6444656e+18,74.0,747.5,756.5,747.5,756.5,196.0,4804.0,4759.0,DCE.i2301,7200
75,1.6444728e+18,75.0,756.5,762.0,753.5,758.5,229.0,4759.0,4723.0,DCE.i2301,7200
76,1.6444944e+18,76.0,760.0,780.5,760.0,777.0,1743.0,4723.0,5686.0,DCE.i2301,7200
77,1.6445016e+18,77.0,777.0,780.0,774.5,778.5,243.0,5686.0,5673.0,DCE.i2301,7200
78,1.6445376e+18,78.0,777.5,777.5,762.5,766.5,437.0,5673.0,5701.0,DCE.i2301,7200
79,1.6445448e+18,79.0,766.5,769.0,763.0,764.0,105.0,5701.0,5685.0,DCE.i2301,7200
80,1.644552e+18,80.0,764.0,768.5,760.5,765.0,132.0,5685.0,5709.0,DCE.i2301,7200
81,1.6445592e+18,81.0,765.0,765.5,740.0,740.0,620.0,5709.0,5701.0,DCE.i2301,7200
82,1.6445808e+18,82.0,740.0,740.0,708.0,713.0,1502.0,5701.0,6035.0,DCE.i2301,7200
83,1.644588e+18,83.0,713.0,719.0,709.0,715.0,408.0,6035.0,6222.0,DCE.i2301,7200
84,1.6447968e+18,84.0,715.0,732.0,715.0,726.0,718.0,6222.0,6371.0,DCE.i2301,7200
85,1.644804e+18,85.0,726.0,730.0,719.5,720.0,257.0,6371.0,6441.0,DCE.i2301,7200
86,1.6448112e+18,86.0,720.0,721.0,712.0,714.5,232.0,6441.0,6544.0,DCE.i2301,7200
87,1.6448184e+18,87.0,714.5,723.0,711.0,723.0,835.0,6544.0,6946.0,DCE.i2301,7200
88,1.64484e+18,88.0,719.5,720.5,690.0,696.0,1998.0,6946.0,8182.0,DCE.i2301,7200
89,1.6448472e+18,89.0,696.0,698.5,688.5,688.5,407.0,8182.0,8145.0,DCE.i2301,7200
90,1.6448832e+18,90.0,688.5,692.5,678.0,681.5,804.0,8145.0,8480.0,DCE.i2301,7200
91,1.6448904e+18,91.0,681.5,684.0,655.0,659.5,2058.0,8480.0,9007.0,DCE.i2301,7200
92,1.6448976e+18,92.0,658.0,658.0,650.0,651.0,914.0,9007.0,9293.0,DCE.i2301,7200
93,1.6449048e+18,93.0,651.0,654.5,650.0,651.5,1630.0,9293.0,10164.0,DCE.i2301,7200
94,1.6449264e+18,94.0,654.0,666.0,654.0,659.0,1316.0,10164.0,10053.0,DCE.i2301,7200
95,1.6449336e+18,95.0,659.0,661.5,654.0,659.0,2376.0,10053.0,12081.0,DCE.i2301,7200
96,1.6449696e+18,96.0,659.5,661.0,651.0,660.5,629.0,12081.0,12225.0,DCE.i2301,7200
97,1.6449768e+18,97.0,660.5,667.0,660.0,665.0,630.0,12225.0,12326.0,DCE.i2301,7200
98,1.644984e+18,98.0,665.0,675.0,665.0,668.0,584.0,12326.0,12306.0,DCE.i2301,7200
99,1.6449912e+18,99.0,668.0,676.0,667.5,671.5,537.0,12306.0,12382.0,DCE.i2301,7200
100,1.6450128e+18,100.0,672.0,677.0,664.0,664.0,672.0,12382.0,12480.0,DCE.i2301,7200
101,1.64502e+18,101.0,664.0,665.0,655.5,660.5,2936.0,12480.0,15003.0,DCE.i2301,7200
102,1.645056e+18,102.0,660.5,662.0,651.0,653.0,827.0,15003.0,15253.0,DCE.i2301,7200
103,1.6450632e+18,103.0,653.0,655.0,639.0,650.0,2230.0,15253.0,15780.0,DCE.i2301,7200
104,1.6450704e+18,104.0,649.5,653.0,642.0,644.5,335.0,15780.0,15890.0,DCE.i2301,7200
105,1.6450776e+18,105.0,644.5,651.5,642.0,645.0,953.0,15890.0,15790.0,DCE.i2301,7200
106,1.6450992e+18,106.0,642.0,643.0,633.0,635.0,1491.0,15790.0,16158.0,DCE.i2301,7200
107,1.6451064e+18,107.0,635.0,637.0,632.5,634.0,421.0,16158.0,16272.0,DCE.i2301,7200
108,1.6451424e+18,108.0,635.0,652.0,635.0,647.0,1267.0,16272.0,16155.0,DCE.i2301,7200
109,1.6451496e+18,109.0,647.0,651.0,643.0,650.0,1319.0,16155.0,16374.0,DCE.i2301,7200
110,1.6451568e+18,110.0,650.5,653.0,645.0,645.0,534.0,16374.0,16394.0,DCE.i2301,7200
111,1.645164e+18,111.0,645.0,652.5,645.0,649.5,494.0,16394.0,16420.0,DCE.i2301,7200
112,1.6451856e+18,112.0,650.0,652.0,639.5,646.0,1408.0,16420.0,16959.0,DCE.i2301,7200
113,1.6451928e+18,113.0,646.0,646.0,641.5,644.0,599.0,16959.0,17220.0,DCE.i2301,7200
114,1.6454016e+18,114.0,644.0,650.0,635.0,648.0,1701.0,17220.0,17224.0,DCE.i2301,7200
115,1.6454088e+18,115.0,648.0,649.0,637.0,642.0,1411.0,17224.0,17465.0,DCE.i2301,7200
116,1.645416e+18,116.0,642.0,646.0,641.0,644.5,439.0,17465.0,17517.0,DCE.i2301,7200
117,1.6454232e+18,117.0,644.5,659.0,641.5,658.5,1373.0,17517.0,17146.0,DCE.i2301,7200
118,1.6454448e+18,118.0,660.0,666.5,658.0,665.0,1830.0,17146.0,17276.0,DCE.i2301,7200
119,1.645452e+18,119.0,665.0,668.5,663.0,663.5,925.0,17276.0,17010.0,DCE.i2301,7200
120,1.645488e+18,120.0,663.5,666.0,659.5,661.5,1104.0,17010.0,17204.0,DCE.i2301,7200
121,1.6454952e+18,121.0,661.5,664.0,652.0,653.0,1113.0,17204.0,17340.0,DCE.i2301,7200
122,1.6455024e+18,122.0,653.0,659.0,652.0,656.5,365.0,17340.0,17254.0,DCE.i2301,7200
123,1.6455096e+18,123.0,656.5,658.0,639.0,639.5,2120.0,17254.0,18508.0,DCE.i2301,7200
124,1.6455312e+18,124.0,639.0,646.5,637.0,644.0,1822.0,18508.0,18987.0,DCE.i2301,7200
125,1.6455384e+18,125.0,644.0,647.5,643.0,644.5,296.0,18987.0,18967.0,DCE.i2301,7200
126,1.6455744e+18,126.0,644.5,652.5,642.0,651.0,727.0,18967.0,18773.0,DCE.i2301,7200
127,1.6455816e+18,127.0,651.0,668.5,651.0,664.0,2220.0,18773.0,18731.0,DCE.i2301,7200
128,1.6455888e+18,128.0,664.0,671.0,663.0,669.5,630.0,18731.0,18743.0,DCE.i2301,7200
129,1.645596e+18,129.0,669.5,671.0,653.0,658.5,1942.0,18743.0,18892.0,DCE.i2301,7200
130,1.6456176e+18,130.0,659.0,670.0,657.5,662.5,1618.0,18892.0,19097.0,DCE.i2301,7200
131,1.6456248e+18,131.0,662.5,664.5,658.0,662.0,532.0,19097.0,19123.0,DCE.i2301,7200
132,1.6456608e+18,132.0,662.0,664.5,656.0,657.0,854.0,19123.0,19322.0,DCE.i2301,7200
133,1.645668e+18,133.0,657.0,667.5,653.5,659.5,1270.0,19322.0,19322.0,DCE.i2301,7200
134,1.6456752e+18,134.0,660.5,672.5,660.5,665.0,1058.0,19322.0,19230.0,DCE.i2301,7200
135,1.6456824e+18,135.0,665.0,669.0,661.0,665.5,1036.0,19230.0,19432.0,DCE.i2301,7200
136,1.645704e+18,136.0,668.0,672.0,662.5,667.0,1418.0,19432.0,19496.0,DCE.i2301,7200
137,1.6457112e+18,137.0,667.0,668.0,647.0,647.5,1343.0,19496.0,19848.0,DCE.i2301,7200
138,1.6457472e+18,138.0,649.0,654.0,643.0,653.5,1825.0,19848.0,19920.0,DCE.i2301,7200
139,1.6457544e+18,139.0,653.5,656.0,646.5,647.0,802.0,19920.0,19972.0,DCE.i2301,7200
140,1.6457616e+18,140.0,647.0,647.0,632.0,634.0,1416.0,19972.0,20546.0,DCE.i2301,7200
141,1.6457688e+18,141.0,634.0,646.0,624.0,643.5,2805.0,20546.0,20608.0,DCE.i2301,7200
142,1.6457904e+18,142.0,644.0,653.0,643.5,647.0,1895.0,20608.0,20266.0,DCE.i2301,7200
143,1.6457976e+18,143.0,647.0,658.0,647.0,651.0,911.0,20266.0,20114.0,DCE.i2301,7200
144,1.6460064e+18,144.0,653.0,671.0,653.0,669.0,2172.0,20114.0,19828.0,DCE.i2301,7200
145,1.6460136e+18,145.0,669.0,671.0,659.5,662.5,1720.0,19828.0,20203.0,DCE.i2301,7200
146,1.6460208e+18,146.0,662.5,664.0,654.5,656.0,600.0,20203.0,20417.0,DCE.i2301,7200
147,1.646028e+18,147.0,656.0,665.5,655.5,664.5,1514.0,20417.0,19466.0,DCE.i2301,7200
148,1.6460496e+18,148.0,666.5,673.5,666.0,668.0,1594.0,19466.0,18996.0,DCE.i2301,7200
149,1.6460568e+18,149.0,668.0,670.5,664.5,668.0,318.0,18996.0,18924.0,DCE.i2301,7200
150,1.6460928e+18,150.0,669.5,689.0,669.0,687.5,1710.0,18924.0,18740.0,DCE.i2301,7200
151,1.6461e+18,151.0,687.5,691.5,683.0,687.5,1161.0,18740.0,18484.0,DCE.i2301,7200
152,1.6461072e+18,152.0,687.5,688.5,680.5,681.5,473.0,18484.0,18482.0,DCE.i2301,7200
153,1.6461144e+18,153.0,681.5,696.0,681.5,693.0,1067.0,18482.0,18193.0,DCE.i2301,7200
154,1.646136e+18,154.0,691.0,701.0,691.0,698.0,1953.0,18193.0,19116.0,DCE.i2301,7200
155,1.6461432e+18,155.0,698.0,705.5,697.5,705.5,301.0,19116.0,19015.0,DCE.i2301,7200
156,1.6461792e+18,156.0,704.5,706.5,698.0,706.0,1256.0,19015.0,19568.0,DCE.i2301,7200
157,1.6461864e+18,157.0,706.0,717.0,698.0,707.5,2200.0,19568.0,20042.0,DCE.i2301,7200
158,1.6461936e+18,158.0,707.0,707.5,701.5,702.0,1758.0,20042.0,18730.0,DCE.i2301,7200
159,1.6462008e+18,159.0,702.0,713.0,697.5,711.5,4241.0,18730.0,15803.0,DCE.i2301,7200
160,1.6462224e+18,160.0,713.5,722.5,711.0,720.5,3039.0,15803.0,16046.0,DCE.i2301,7200
161,1.6462296e+18,161.0,720.5,721.0,712.0,715.5,1010.0,16046.0,16057.0,DCE.i2301,7200
162,1.6462656e+18,162.0,715.5,765.0,715.5,757.5,3020.0,16057.0,15704.0,DCE.i2301,7200
163,1.6462728e+18,163.0,757.5,765.0,751.0,760.5,2532.0,15704.0,15289.0,DCE.i2301,7200
164,1.64628e+18,164.0,760.0,760.0,740.0,742.5,2280.0,15289.0,14407.0,DCE.i2301,7200
165,1.6462872e+18,165.0,742.5,755.5,740.5,745.5,2768.0,14407.0,16117.0,DCE.i2301,7200
166,1.6463088e+18,166.0,743.0,784.5,743.0,763.0,6410.0,16117.0,12494.0,DCE.i2301,7200
167,1.646316e+18,167.0,763.0,773.0,761.5,768.5,645.0,12494.0,12442.0,DCE.i2301,7200
168,1.646352e+18,168.0,768.5,774.0,755.5,759.5,1514.0,12442.0,12034.0,DCE.i2301,7200
169,1.6463592e+18,169.0,759.5,775.0,754.5,769.5,1683.0,12034.0,12442.0,DCE.i2301,7200
170,1.6463664e+18,170.0,768.0,768.0,759.0,763.0,457.0,12442.0,12503.0,DCE.i2301,7200
171,1.6463736e+18,171.0,763.0,769.5,751.0,769.0,1088.0,12503.0,12588.0,DCE.i2301,7200
172,1.6463952e+18,172.0,769.0,773.0,760.5,770.5,2104.0,12588.0,11851.0,DCE.i2301,7200
173,1.6464024e+18,173.0,770.5,784.0,770.0,781.0,1190.0,11851.0,12026.0,DCE.i2301,7200
174,1.6466112e+18,174.0,790.0,826.5,790.0,810.0,3288.0,12026.0,11731.0,DCE.i2301,7200
175,1.6466184e+18,175.0,810.0,814.0,789.5,792.5,3283.0,11731.0,11326.0,DCE.i2301,7200
176,1.6466256e+18,176.0,792.5,810.5,792.5,808.0,958.0,11326.0,11405.0,DCE.i2301,7200
177,1.6466328e+18,177.0,808.0,822.0,803.5,821.5,905.0,11405.0,11468.0,DCE.i2301,7200
178,1.6466544e+18,178.0,822.0,823.5,767.5,792.5,3771.0,11468.0,12325.0,DCE.i2301,7200
179,1.6466616e+18,179.0,792.5,806.5,785.0,804.5,1365.0,12325.0,12342.0,DCE.i2301,7200
180,1.6466976e+18,180.0,807.0,807.0,791.0,791.5,1124.0,12342.0,12408.0,DCE.i2301,7200
181,1.6467048e+18,181.0,791.5,805.0,785.5,790.0,1485.0,12408.0,12582.0,DCE.i2301,7200
182,1.646712e+18,182.0,791.5,812.5,791.5,809.0,942.0,12582.0,12561.0,DCE.i2301,7200
183,1.6467192e+18,183.0,809.0,815.5,794.5,795.0,1492.0,12561.0,12823.0,DCE.i2301,7200
184,1.6467408e+18,184.0,794.0,804.5,775.0,793.5,2004.0,12823.0,13030.0,DCE.i2301,7200
185,1.646748e+18,185.0,793.5,804.0,788.5,804.0,1314.0,13030.0,13216.0,DCE.i2301,7200
186,1.646784e+18,186.0,804.0,804.0,788.0,788.5,1103.0,13216.0,13480.0,DCE.i2301,7200
187,1.6467912e+18,187.0,788.5,800.0,788.0,791.0,711.0,13480.0,13514.0,DCE.i2301,7200
188,1.6467984e+18,188.0,791.0,794.0,777.5,782.0,1553.0,13514.0,13451.0,DCE.i2301,7200
189,1.6468056e+18,189.0,782.0,789.5,766.0,768.0,1522.0,13451.0,13564.0,DCE.i2301,7200
190,1.6468272e+18,190.0,765.0,765.0,732.0,737.0,3431.0,13564.0,14329.0,DCE.i2301,7200
191,1.6468344e+18,191.0,737.0,746.5,737.0,743.0,859.0,14329.0,14298.0,DCE.i2301,7200
192,1.6468704e+18,192.0,740.0,740.0,721.0,737.0,2597.0,14298.0,14876.0,DCE.i2301,7200
193,1.6468776e+18,193.0,737.0,772.5,734.0,768.5,2398.0,14876.0,14892.0,DCE.i2301,7200
194,1.6468848e+18,194.0,770.0,774.5,759.5,761.5,603.0,14892.0,14887.0,DCE.i2301,7200
195,1.646892e+18,195.0,761.5,769.5,758.5,762.5,1086.0,14887.0,14810.0,DCE.i2301,7200
196,1.6469136e+18,196.0,764.0,792.0,764.0,788.5,2321.0,14810.0,14648.0,DCE.i2301,7200
197,1.6469208e+18,197.0,788.5,790.0,782.0,785.0,996.0,14648.0,14823.0,DCE.i2301,7200
198,1.6469568e+18,198.0,782.0,782.0,760.5,764.0,2216.0,14823.0,15412.0,DCE.i2301,7200
199,1.646964e+18,199.0,764.0,767.0,751.5,764.0,1884.0,15412.0,15648.0,DCE.i2301,7200
200,1.6469712e+18,200.0,761.5,777.0,759.0,774.5,1082.0,15648.0,15464.0,DCE.i2301,7200
201,1.6469784e+18,201.0,774.5,781.0,770.5,780.0,1284.0,15464.0,15312.0,DCE.i2301,7200
202,1.647e+18,202.0,777.5,778.5,751.0,775.0,3051.0,15312.0,15700.0,DCE.i2301,7200
203,1.6470072e+18,203.0,775.0,780.5,766.0,767.5,1514.0,15700.0,15726.0,DCE.i2301,7200
204,1.647216e+18,204.0,768.5,768.5,748.0,758.0,3777.0,15726.0,16420.0,DCE.i2301,7200
205,1.6472232e+18,205.0,758.0,760.5,749.0,753.0,1947.0,16420.0,16876.0,DCE.i2301,7200
206,1.6472304e+18,206.0,754.0,755.5,746.0,749.5,1029.0,16876.0,17254.0,DCE.i2301,7200
207,1.6472376e+18,207.0,749.5,751.5,734.0,735.0,2281.0,17254.0,17712.0,DCE.i2301,7200
208,1.6472592e+18,208.0,739.0,745.0,734.0,734.0,2034.0,17712.0,17769.0,DCE.i2301,7200
209,1.6472664e+18,209.0,734.0,745.0,730.5,739.5,1848.0,17769.0,18022.0,DCE.i2301,7200
210,1.6473024e+18,210.0,736.0,739.0,711.5,714.5,3673.0,18022.0,18540.0,DCE.i2301,7200
211,1.6473096e+18,211.0,714.5,749.5,712.5,739.5,3961.0,18540.0,17976.0,DCE.i2301,7200
212,1.6473168e+18,212.0,739.0,739.0,729.0,733.0,805.0,17976.0,18120.0,DCE.i2301,7200
213,1.647324e+18,213.0,733.0,733.5,722.0,723.0,1514.0,18120.0,18202.0,DCE.i2301,7200
214,1.6473456e+18,214.0,716.0,722.0,711.5,719.0,2237.0,18202.0,18320.0,DCE.i2301,7200
215,1.6473528e+18,215.0,719.0,736.0,719.0,734.5,1999.0,18320.0,17924.0,DCE.i2301,7200
216,1.6473888e+18,216.0,734.5,743.0,733.0,737.0,2304.0,17924.0,18167.0,DCE.i2301,7200
217,1.647396e+18,217.0,737.0,742.0,732.0,736.0,2259.0,18167.0,18612.0,DCE.i2301,7200
218,1.6474032e+18,218.0,739.0,755.5,739.0,754.5,1946.0,18612.0,18457.0,DCE.i2301,7200
219,1.6474104e+18,219.0,754.5,768.0,754.0,766.0,2338.0,18457.0,18360.0,DCE.i2301,7200
220,1.647432e+18,220.0,768.0,777.5,765.0,770.0,1936.0,18360.0,18399.0,DCE.i2301,7200
221,1.6474392e+18,221.0,770.0,773.0,757.5,760.5,2403.0,18399.0,18723.0,DCE.i2301,7200
222,1.6474752e+18,222.0,762.0,774.5,762.0,765.0,1779.0,18723.0,18830.0,DCE.i2301,7200
223,1.6474824e+18,223.0,765.0,781.0,762.5,777.0,2270.0,18830.0,18892.0,DCE.i2301,7200
224,1.6474896e+18,224.0,776.5,776.5,770.0,770.0,836.0,18892.0,18852.0,DCE.i2301,7200
225,1.6474968e+18,225.0,770.0,776.5,765.5,776.5,1540.0,18852.0,18759.0,DCE.i2301,7200
226,1.6475184e+18,226.0,779.0,788.0,778.0,787.0,1967.0,18759.0,18704.0,DCE.i2301,7200
227,1.6475256e+18,227.0,787.0,793.0,782.5,791.5,971.0,18704.0,18701.0,DCE.i2301,7200
228,1.6475616e+18,228.0,793.0,796.0,789.0,792.0,1464.0,18701.0,18682.0,DCE.i2301,7200
229,1.6475688e+18,229.0,792.0,796.5,789.5,793.0,2209.0,18682.0,18830.0,DCE.i2301,7200
230,1.647576e+18,230.0,795.0,795.0,788.0,792.0,1107.0,18830.0,19032.0,DCE.i2301,7200
231,1.6475832e+18,231.0,792.0,797.0,789.0,796.5,1703.0,19032.0,19353.0,DCE.i2301,7200
232,1.6476048e+18,232.0,801.0,801.0,790.0,794.5,1567.0,19353.0,19453.0,DCE.i2301,7200
233,1.647612e+18,233.0,794.5,805.5,794.0,805.0,928.0,19453.0,19458.0,DCE.i2301,7200
234,1.6478208e+18,234.0,805.0,805.0,791.0,792.0,1856.0,19458.0,19510.0,DCE.i2301,7200
235,1.647828e+18,235.0,792.0,795.0,785.0,786.5,1691.0,19510.0,19267.0,DCE.i2301,7200
236,1.6478352e+18,236.0,786.5,789.5,782.0,788.5,716.0,19267.0,19294.0,DCE.i2301,7200
237,1.6478424e+18,237.0,788.5,799.0,788.5,798.0,862.0,19294.0,19275.0,DCE.i2301,7200
238,1.647864e+18,238.0,798.0,798.0,789.0,797.0,1129.0,19275.0,19352.0,DCE.i2301,7200
239,1.6478712e+18,239.0,797.0,798.0,787.5,790.5,673.0,19352.0,19390.0,DCE.i2301,7200
240,1.6479072e+18,240.0,791.0,796.0,787.0,795.5,966.0,19390.0,19471.0,DCE.i2301,7200
241,1.6479144e+18,241.0,795.5,796.5,785.0,792.5,1322.0,19471.0,19635.0,DCE.i2301,7200
242,1.6479216e+18,242.0,792.5,794.0,788.0,790.5,634.0,19635.0,19872.0,DCE.i2301,7200
243,1.6479288e+18,243.0,790.5,791.5,770.0,771.0,2235.0,19872.0,20522.0,DCE.i2301,7200
244,1.6479504e+18,244.0,768.0,774.5,761.0,773.5,2873.0,20522.0,21756.0,DCE.i2301,7200
245,1.6479576e+18,245.0,773.5,777.0,766.0,774.5,936.0,21756.0,21881.0,DCE.i2301,7200
246,1.6479936e+18,246.0,774.5,781.0,769.0,780.5,774.0,21881.0,21959.0,DCE.i2301,7200
247,1.6480008e+18,247.0,780.5,790.0,780.0,789.5,1016.0,21959.0,21876.0,DCE.i2301,7200
248,1.648008e+18,248.0,789.5,792.0,785.0,786.0,733.0,21876.0,21694.0,DCE.i2301,7200
249,1.6480152e+18,249.0,786.0,791.5,785.5,790.0,805.0,21694.0,21688.0,DCE.i2301,7200
250,1.6480368e+18,250.0,790.0,800.0,790.0,797.5,2136.0,21688.0,22775.0,DCE.i2301,7200
251,1.648044e+18,251.0,797.5,798.0,790.5,792.5,644.0,22775.0,22781.0,DCE.i2301,7200
252,1.64808e+18,252.0,793.5,800.0,788.5,796.5,1133.0,22781.0,22889.0,DCE.i2301,7200
253,1.6480872e+18,253.0,796.5,797.0,781.0,792.0,1455.0,22889.0,22882.0,DCE.i2301,7200
254,1.6480944e+18,254.0,792.5,798.0,790.5,795.0,643.0,22882.0,22866.0,DCE.i2301,7200
255,1.6481016e+18,255.0,795.0,797.0,783.0,785.0,826.0,22866.0,22940.0,DCE.i2301,7200
256,1.6481232e+18,256.0,790.0,806.0,786.0,796.0,3478.0,22940.0,24027.0,DCE.i2301,7200
257,1.6481304e+18,257.0,796.0,799.0,786.0,799.0,1823.0,24027.0,24124.0,DCE.i2301,7200
258,1.6481664e+18,258.0,796.5,804.5,794.0,804.0,1951.0,24124.0,24197.0,DCE.i2301,7200
259,1.6481736e+18,259.0,804.0,813.5,803.5,811.0,1936.0,24197.0,24267.0,DCE.i2301,7200
260,1.6481808e+18,260.0,810.0,815.0,805.5,815.0,955.0,24267.0,24291.0,DCE.i2301,7200
261,1.648188e+18,261.0,815.0,820.0,812.5,818.0,1434.0,24291.0,24379.0,DCE.i2301,7200
262,1.6482096e+18,262.0,817.0,825.5,816.5,824.5,4621.0,24379.0,22625.0,DCE.i2301,7200
263,1.6482168e+18,263.0,824.5,833.5,821.5,830.0,1345.0,22625.0,22742.0,DCE.i2301,7200
264,1.6484256e+18,264.0,829.0,835.0,817.5,834.5,2937.0,22742.0,22819.0,DCE.i2301,7200
265,1.6484328e+18,265.0,834.5,850.0,834.0,848.0,2821.0,22819.0,22956.0,DCE.i2301,7200
266,1.64844e+18,266.0,848.0,848.0,839.0,846.5,783.0,22956.0,22943.0,DCE.i2301,7200
267,1.6484472e+18,267.0,846.5,846.5,835.5,836.5,1687.0,22943.0,23087.0,DCE.i2301,7200
268,1.6484688e+18,268.0,840.0,849.0,835.0,844.0,9663.0,23087.0,26960.0,DCE.i2301,7200
269,1.648476e+18,269.0,844.0,849.5,840.5,844.0,1440.0,26960.0,26947.0,DCE.i2301,7200
270,1.648512e+18,270.0,844.5,849.5,837.0,838.5,2491.0,26947.0,27326.0,DCE.i2301,7200
271,1.6485192e+18,271.0,838.5,839.5,824.5,834.0,6829.0,27326.0,26951.0,DCE.i2301,7200
272,1.6485264e+18,272.0,834.0,842.5,830.0,842.0,2583.0,26951.0,26664.0,DCE.i2301,7200
273,1.6485336e+18,273.0,842.0,842.5,834.5,835.0,1881.0,26664.0,26699.0,DCE.i2301,7200
274,1.6485552e+18,274.0,832.0,832.0,813.0,823.0,6491.0,26699.0,27279.0,DCE.i2301,7200
275,1.6485624e+18,275.0,823.0,835.0,822.0,833.0,3765.0,27279.0,28117.0,DCE.i2301,7200
276,1.6485984e+18,276.0,833.0,842.5,830.5,841.0,3011.0,28117.0,28672.0,DCE.i2301,7200
277,1.6486056e+18,277.0,841.0,859.0,839.5,856.0,7256.0,28672.0,30498.0,DCE.i2301,7200
278,1.6486128e+18,278.0,857.0,865.5,855.5,865.5,2139.0,30498.0,30934.0,DCE.i2301,7200
279,1.64862e+18,279.0,865.5,868.5,860.0,866.5,4342.0,30934.0,30908.0,DCE.i2301,7200
280,1.6486416e+18,280.0,875.0,884.0,870.5,880.5,10140.0,30908.0,32773.0,DCE.i2301,7200
281,1.6486488e+18,281.0,880.5,882.5,875.5,880.5,3086.0,32773.0,32577.0,DCE.i2301,7200
282,1.6486848e+18,282.0,876.0,880.0,866.0,869.0,6246.0,32577.0,32991.0,DCE.i2301,7200
283,1.648692e+18,283.0,869.0,871.0,841.0,852.0,13883.0,32991.0,32642.0,DCE.i2301,7200
284,1.6486992e+18,284.0,852.5,865.0,851.0,863.0,3175.0,32642.0,32623.0,DCE.i2301,7200
285,1.6487064e+18,285.0,863.0,869.0,859.5,866.0,4186.0,32623.0,32718.0,DCE.i2301,7200
286,1.648728e+18,286.0,864.5,876.0,857.0,860.5,9006.0,32718.0,31430.0,DCE.i2301,7200
287,1.6487352e+18,287.0,860.5,872.5,859.0,868.5,5034.0,31430.0,31033.0,DCE.i2301,7200
288,1.6487712e+18,288.0,868.0,882.0,861.5,880.5,5796.0,31033.0,31552.0,DCE.i2301,7200
289,1.6487784e+18,289.0,880.5,887.0,878.0,882.0,6406.0,31552.0,31478.0,DCE.i2301,7200
290,1.6487856e+18,290.0,882.0,885.5,878.0,883.0,3630.0,31478.0,31983.0,DCE.i2301,7200
291,1.6487928e+18,291.0,883.0,896.0,883.0,894.5,5114.0,31983.0,32097.0,DCE.i2301,7200
292,1.6492032e+18,292.0,895.0,901.5,881.5,899.0,9652.0,32097.0,32907.0,DCE.i2301,7200
293,1.6492104e+18,293.0,899.0,911.5,895.0,911.0,8093.0,32907.0,32733.0,DCE.i2301,7200
294,1.6492176e+18,294.0,910.5,915.0,908.0,911.0,3579.0,32733.0,33277.0,DCE.i2301,7200
295,1.6492248e+18,295.0,911.0,914.0,896.5,898.0,7748.0,33277.0,34340.0,DCE.i2301,7200
296,1.6492464e+18,296.0,898.0,907.5,896.0,902.5,7507.0,34340.0,34964.0,DCE.i2301,7200
297,1.6492536e+18,297.0,902.5,903.0,891.5,895.5,4643.0,34964.0,35013.0,DCE.i2301,7200
298,1.6492896e+18,298.0,892.5,894.0,876.0,886.5,9820.0,35013.0,35709.0,DCE.i2301,7200
299,1.6492968e+18,299.0,886.5,888.0,870.0,872.5,9060.0,35709.0,36454.0,DCE.i2301,7200
300,1.649304e+18,300.0,871.5,881.5,866.5,880.5,5088.0,36454.0,36981.0,DCE.i2301,7200
301,1.6493112e+18,301.0,880.5,885.5,874.0,874.5,7095.0,36981.0,37777.0,DCE.i2301,7200
302,1.6493328e+18,302.0,875.0,900.5,875.0,893.5,13056.0,37777.0,39450.0,DCE.i2301,7200
303,1.64934e+18,303.0,893.5,895.5,884.0,885.0,9342.0,39450.0,37250.0,DCE.i2301,7200
304,1.649376e+18,304.0,885.5,898.0,882.0,891.0,10510.0,37250.0,37226.0,DCE.i2301,7200
305,1.6493832e+18,305.0,891.0,893.0,861.5,868.0,18198.0,37226.0,38928.0,DCE.i2301,7200
306,1.6493904e+18,306.0,868.5,880.0,868.5,879.0,5109.0,38928.0,39357.0,DCE.i2301,7200
307,1.6493976e+18,307.0,879.0,892.0,867.5,892.0,10841.0,39357.0,40840.0,DCE.i2301,7200
308,1.6494192e+18,308.0,897.0,897.0,879.5,881.0,11777.0,40840.0,41273.0,DCE.i2301,7200
309,1.6494264e+18,309.0,881.0,887.0,868.0,871.0,10165.0,41273.0,39694.0,DCE.i2301,7200
310,1.6496352e+18,310.0,868.0,868.0,846.5,848.5,15477.0,39694.0,40194.0,DCE.i2301,7200
311,1.6496424e+18,311.0,848.5,849.0,836.0,843.0,11997.0,40194.0,40981.0,DCE.i2301,7200
312,1.6496496e+18,312.0,842.0,852.5,842.0,849.5,3644.0,40981.0,41094.0,DCE.i2301,7200
313,1.6496568e+18,313.0,849.5,852.0,838.0,843.5,8125.0,41094.0,41328.0,DCE.i2301,7200
314,1.6496784e+18,314.0,845.0,854.0,845.0,851.0,10912.0,41328.0,41779.0,DCE.i2301,7200
315,1.6496856e+18,315.0,851.0,862.5,849.5,856.5,9341.0,41779.0,41232.0,DCE.i2301,7200
316,1.6497216e+18,316.0,857.0,864.5,856.5,860.0,7672.0,41232.0,41715.0,DCE.i2301,7200
317,1.6497288e+18,317.0,860.0,878.5,859.0,871.5,12989.0,41715.0,43603.0,DCE.i2301,7200
318,1.649736e+18,318.0,873.0,888.0,873.0,885.0,5599.0,43603.0,43861.0,DCE.i2301,7200
319,1.6497432e+18,319.0,885.0,897.5,884.0,895.5,10709.0,43861.0,44838.0,DCE.i2301,7200
320,1.6497648e+18,320.0,895.5,902.5,891.5,895.5,13013.0,44838.0,46082.0,DCE.i2301,7200
321,1.649772e+18,321.0,895.5,898.0,888.0,896.5,7734.0,46082.0,45794.0,DCE.i2301,7200
322,1.649808e+18,322.0,895.0,895.0,853.0,864.5,25201.0,45794.0,47958.0,DCE.i2301,7200
323,1.6498152e+18,323.0,864.5,883.5,856.5,859.0,23468.0,47958.0,48748.0,DCE.i2301,7200
324,1.6498224e+18,324.0,860.0,866.0,858.5,859.0,6163.0,48748.0,49165.0,DCE.i2301,7200
325,1.6498296e+18,325.0,859.0,862.5,853.0,855.0,12188.0,49165.0,49782.0,DCE.i2301,7200
326,1.6498512e+18,326.0,862.5,868.0,858.5,865.5,12990.0,49782.0,50163.0,DCE.i2301,7200
327,1.6498584e+18,327.0,865.5,870.0,860.0,861.0,11076.0,50163.0,50713.0,DCE.i2301,7200
328,1.6498944e+18,328.0,864.0,867.0,842.5,843.0,18938.0,50713.0,52832.0,DCE.i2301,7200
329,1.6499016e+18,329.0,843.0,865.0,841.0,863.5,15438.0,52832.0,53632.0,DCE.i2301,7200
330,1.6499088e+18,330.0,864.5,873.5,864.5,871.0,7246.0,53632.0,54278.0,DCE.i2301,7200
331,1.649916e+18,331.0,871.0,880.5,867.5,871.5,11855.0,54278.0,54484.0,DCE.i2301,7200
332,1.6499376e+18,332.0,871.0,886.0,871.0,878.5,11254.0,54484.0,54850.0,DCE.i2301,7200
333,1.6499448e+18,333.0,878.5,887.5,878.0,884.0,5533.0,54850.0,54333.0,DCE.i2301,7200
334,1.6499808e+18,334.0,890.0,894.5,885.0,894.5,11298.0,54333.0,54344.0,DCE.i2301,7200
335,1.649988e+18,335.0,894.5,896.0,876.0,884.0,13282.0,54344.0,54265.0,DCE.i2301,7200
336,1.6499952e+18,336.0,884.5,888.5,879.0,881.0,4920.0,54265.0,54941.0,DCE.i2301,7200
337,1.6500024e+18,337.0,881.0,888.5,879.0,888.0,8868.0,54941.0,55816.0,DCE.i2301,7200
338,1.650024e+18,338.0,888.0,895.0,872.5,892.5,16803.0,55816.0,56646.0,DCE.i2301,7200
339,1.6500312e+18,339.0,892.5,893.5,887.0,889.0,5402.0,56646.0,56396.0,DCE.i2301,7200
340,1.65024e+18,340.0,889.0,893.5,881.0,884.0,16536.0,56396.0,60091.0,DCE.i2301,7200
341,1.6502472e+18,341.0,884.0,905.0,882.5,899.5,18409.0,60091.0,63715.0,DCE.i2301,7200
342,1.6502544e+18,342.0,899.0,903.5,894.5,897.5,5226.0,63715.0,65318.0,DCE.i2301,7200
343,1.6502616e+18,343.0,897.5,899.0,891.5,894.5,8182.0,65318.0,66250.0,DCE.i2301,7200
344,1.6502832e+18,344.0,898.0,904.5,896.0,900.5,7948.0,66250.0,66445.0,DCE.i2301,7200
345,1.6502904e+18,345.0,900.5,907.0,899.5,900.0,5660.0,66445.0,65824.0,DCE.i2301,7200
346,1.6503264e+18,346.0,900.0,913.0,894.0,912.0,13948.0,65824.0,67045.0,DCE.i2301,7200
347,1.6503336e+18,347.0,912.0,914.5,877.5,880.5,27001.0,67045.0,68902.0,DCE.i2301,7200
348,1.6503408e+18,348.0,879.0,879.0,868.0,873.0,17185.0,68902.0,70656.0,DCE.i2301,7200
349,1.650348e+18,349.0,873.0,876.0,860.0,861.0,18159.0,70656.0,71710.0,DCE.i2301,7200
350,1.6503696e+18,350.0,861.0,872.5,861.0,871.0,15018.0,71710.0,71799.0,DCE.i2301,7200
351,1.6503768e+18,351.0,871.0,874.0,865.0,874.0,7128.0,71799.0,71030.0,DCE.i2301,7200
352,1.6504128e+18,352.0,875.0,881.0,872.0,880.0,10965.0,71030.0,71329.0,DCE.i2301,7200
353,1.65042e+18,353.0,880.0,889.5,878.0,887.5,13011.0,71329.0,72002.0,DCE.i2301,7200
354,1.6504272e+18,354.0,886.5,888.0,873.5,874.0,7878.0,72002.0,72599.0,DCE.i2301,7200
355,1.6504344e+18,355.0,874.0,879.0,858.5,867.0,19066.0,72599.0,73265.0,DCE.i2301,7200
356,1.650456e+18,356.0,873.0,874.5,865.0,871.5,13261.0,73265.0,73593.0,DCE.i2301,7200
357,1.6504632e+18,357.0,871.5,877.0,867.5,874.5,7996.0,73593.0,73050.0,DCE.i2301,7200
358,1.6504992e+18,358.0,874.0,876.0,868.0,872.0,6842.0,73050.0,73407.0,DCE.i2301,7200
359,1.6505064e+18,359.0,872.0,878.0,866.5,868.5,11521.0,73407.0,73338.0,DCE.i2301,7200
360,1.6505136e+18,360.0,869.0,870.5,860.5,864.5,8859.0,73338.0,74461.0,DCE.i2301,7200
361,1.6505208e+18,361.0,864.5,867.0,854.0,864.5,14634.0,74461.0,75063.0,DCE.i2301,7200
362,1.6505424e+18,362.0,866.0,868.0,859.5,866.0,9936.0,75063.0,75925.0,DCE.i2301,7200
363,1.6505496e+18,363.0,866.0,869.0,861.5,863.0,5548.0,75925.0,75938.0,DCE.i2301,7200
364,1.6505856e+18,364.0,862.0,863.5,837.0,845.0,26921.0,75938.0,76036.0,DCE.i2301,7200
365,1.6505928e+18,365.0,845.0,848.0,831.0,831.5,18136.0,76036.0,75685.0,DCE.i2301,7200
366,1.6506e+18,366.0,831.0,836.5,826.0,834.0,13050.0,75685.0,75862.0,DCE.i2301,7200
367,1.6506072e+18,367.0,834.0,836.5,827.0,829.0,15339.0,75862.0,75731.0,DCE.i2301,7200
368,1.6506288e+18,368.0,827.0,832.5,822.0,827.0,14859.0,75731.0,76115.0,DCE.i2301,7200
369,1.650636e+18,369.0,827.0,827.0,790.5,791.5,17450.0,76115.0,76839.0,DCE.i2301,7200
370,1.6508448e+18,370.0,764.0,782.0,760.0,769.0,25320.0,76839.0,81013.0,DCE.i2301,7200
371,1.650852e+18,371.0,769.0,772.0,750.5,768.5,27706.0,81013.0,83653.0,DCE.i2301,7200
372,1.6508592e+18,372.0,768.0,769.0,754.0,756.5,7004.0,83653.0,84884.0,DCE.i2301,7200
373,1.6508664e+18,373.0,756.5,765.0,751.0,751.5,14213.0,84884.0,85830.0,DCE.i2301,7200
374,1.650888e+18,374.0,752.0,761.0,746.0,749.5,17705.0,85830.0,87362.0,DCE.i2301,7200
375,1.6508952e+18,375.0,749.5,757.5,743.0,756.0,10874.0,87362.0,86920.0,DCE.i2301,7200
376,1.6509312e+18,376.0,759.0,771.5,759.0,763.0,14771.0,86920.0,86567.0,DCE.i2301,7200
377,1.6509384e+18,377.0,763.0,784.0,763.0,782.5,14122.0,86567.0,87212.0,DCE.i2301,7200
378,1.6509456e+18,378.0,783.0,783.0,772.0,778.0,10140.0,87212.0,90935.0,DCE.i2301,7200
379,1.6509528e+18,379.0,778.0,779.0,766.5,769.0,13061.0,90935.0,92122.0,DCE.i2301,7200
380,1.6509744e+18,380.0,774.5,793.0,774.5,786.5,21469.0,92122.0,92308.0,DCE.i2301,7200
381,1.6509816e+18,381.0,786.5,791.5,776.0,791.5,12938.0,92308.0,91878.0,DCE.i2301,7200
382,1.6510176e+18,382.0,791.0,794.0,783.0,787.0,17661.0,91878.0,92469.0,DCE.i2301,7200
383,1.6510248e+18,383.0,787.0,787.0,767.0,772.5,20062.0,92469.0,93696.0,DCE.i2301,7200
384,1.651032e+18,384.0,775.0,780.5,768.0,773.0,8149.0,93696.0,95008.0,DCE.i2301,7200
385,1.6510392e+18,385.0,773.0,784.0,769.0,781.5,14409.0,95008.0,96282.0,DCE.i2301,7200
386,1.6510608e+18,386.0,781.5,785.0,773.0,782.5,18786.0,96282.0,99464.0,DCE.i2301,7200
387,1.651068e+18,387.0,782.5,798.0,776.0,796.0,16005.0,99464.0,97353.0,DCE.i2301,7200
388,1.651104e+18,388.0,795.5,802.0,791.5,794.0,15018.0,97353.0,98749.0,DCE.i2301,7200
389,1.6511112e+18,389.0,794.0,798.0,788.0,792.0,15589.0,98749.0,100805.0,DCE.i2301,7200
390,1.6511184e+18,390.0,791.0,796.0,781.0,794.5,12252.0,100805.0,101246.0,DCE.i2301,7200
391,1.6511256e+18,391.0,794.5,809.0,792.0,806.5,16391.0,101246.0,100256.0,DCE.i2301,7200
392,1.6511472e+18,392.0,808.0,808.0,799.5,802.0,12552.0,100256.0,102198.0,DCE.i2301,7200
393,1.6511544e+18,393.0,802.0,811.0,798.5,802.5,12828.0,102198.0,101030.0,DCE.i2301,7200
394,1.6511904e+18,394.0,800.0,803.0,794.0,798.0,12082.0,101030.0,101860.0,DCE.i2301,7200
395,1.6511976e+18,395.0,798.0,817.0,798.0,814.0,19416.0,101860.0,102579.0,DCE.i2301,7200
396,1.6512048e+18,396.0,824.0,830.0,820.5,828.5,17396.0,102579.0,101621.0,DCE.i2301,7200
397,1.651212e+18,397.0,828.5,829.5,823.0,825.0,14675.0,101621.0,101598.0,DCE.i2301,7200
398,1.6517088e+18,398.0,820.0,826.5,814.5,816.0,23635.0,101598.0,104822.0,DCE.i2301,7200
399,1.651716e+18,399.0,816.0,837.5,812.0,835.0,20259.0,104822.0,107282.0,DCE.i2301,7200
400,1.6517232e+18,400.0,837.0,837.5,830.5,832.5,6200.0,107282.0,107914.0,DCE.i2301,7200
401,1.6517304e+18,401.0,832.5,835.5,820.0,823.0,14560.0,107914.0,108230.0,DCE.i2301,7200
402,1.651752e+18,402.0,829.5,835.0,822.0,824.5,13722.0,108230.0,109574.0,DCE.i2301,7200
403,1.6517592e+18,403.0,824.5,825.0,811.5,812.0,10808.0,109574.0,109722.0,DCE.i2301,7200
404,1.6517952e+18,404.0,811.0,813.5,802.0,812.5,17753.0,109722.0,110724.0,DCE.i2301,7200
405,1.6518024e+18,405.0,812.5,816.5,804.5,807.0,12568.0,110724.0,112850.0,DCE.i2301,7200
406,1.6518096e+18,406.0,809.0,811.0,796.0,797.0,8956.0,112850.0,114675.0,DCE.i2301,7200
407,1.6518168e+18,407.0,797.0,797.0,773.5,775.0,25325.0,114675.0,118997.0,DCE.i2301,7200
408,1.6518384e+18,408.0,771.0,786.0,770.0,773.5,24497.0,118997.0,120795.0,DCE.i2301,7200
409,1.6518456e+18,409.0,773.5,781.0,769.0,780.0,12034.0,120795.0,120209.0,DCE.i2301,7200
410,1.6520544e+18,410.0,775.0,775.0,752.0,760.0,29748.0,120209.0,120418.0,DCE.i2301,7200
411,1.6520616e+18,411.0,760.0,772.5,751.0,760.5,29573.0,120418.0,122584.0,DCE.i2301,7200
412,1.6520688e+18,412.0,757.0,762.0,750.0,753.5,6535.0,122584.0,123162.0,DCE.i2301,7200
413,1.652076e+18,413.0,753.5,764.5,751.5,759.5,13362.0,123162.0,123865.0,DCE.i2301,7200
414,1.6520976e+18,414.0,750.5,762.5,750.5,754.5,16620.0,123865.0,124738.0,DCE.i2301,7200
415,1.6521048e+18,415.0,754.5,759.5,726.0,730.5,22352.0,124738.0,123942.0,DCE.i2301,7200
416,1.6521408e+18,416.0,730.5,734.0,711.0,714.5,34743.0,123942.0,124363.0,DCE.i2301,7200
417,1.652148e+18,417.0,714.5,733.0,714.5,723.0,23627.0,124363.0,125084.0,DCE.i2301,7200
418,1.6521552e+18,418.0,728.0,732.0,722.5,725.0,8771.0,125084.0,126136.0,DCE.i2301,7200
419,1.6521624e+18,419.0,725.0,731.0,718.0,729.5,16671.0,126136.0,127047.0,DCE.i2301,7200
420,1.652184e+18,420.0,735.0,746.0,733.5,744.0,20995.0,127047.0,126422.0,DCE.i2301,7200
421,1.6521912e+18,421.0,744.0,744.5,737.5,738.5,8966.0,126422.0,126074.0,DCE.i2301,7200
422,1.6522272e+18,422.0,735.0,766.0,735.0,764.5,28904.0,126074.0,122967.0,DCE.i2301,7200
423,1.6522344e+18,423.0,764.5,769.0,761.0,767.0,16077.0,122967.0,124528.0,DCE.i2301,7200
424,1.6522416e+18,424.0,770.0,780.0,770.0,775.0,14170.0,124528.0,126247.0,DCE.i2301,7200
425,1.6522488e+18,425.0,775.0,776.5,765.5,771.0,14857.0,126247.0,127281.0,DCE.i2301,7200
426,1.6522704e+18,426.0,765.0,785.5,763.5,780.0,25478.0,127281.0,130396.0,DCE.i2301,7200
427,1.6522776e+18,427.0,780.0,788.5,777.0,787.5,12169.0,130396.0,129025.0,DCE.i2301,7200
428,1.6523136e+18,428.0,786.0,786.0,768.5,769.0,23460.0,129025.0,129286.0,DCE.i2301,7200
429,1.6523208e+18,429.0,769.0,771.5,754.0,761.0,26386.0,129286.0,132168.0,DCE.i2301,7200
430,1.652328e+18,430.0,754.0,763.0,748.5,761.5,17549.0,132168.0,133284.0,DCE.i2301,7200
431,1.6523352e+18,431.0,761.5,764.0,749.0,751.5,23064.0,133284.0,135265.0,DCE.i2301,7200
432,1.6523568e+18,432.0,744.0,750.5,739.0,747.5,26490.0,135265.0,137032.0,DCE.i2301,7200
433,1.652364e+18,433.0,747.5,763.5,745.0,761.5,19057.0,137032.0,136184.0,DCE.i2301,7200
434,1.6524e+18,434.0,761.5,772.5,761.0,764.5,18711.0,136184.0,135134.0,DCE.i2301,7200
435,1.6524072e+18,435.0,764.5,768.5,750.5,763.0,26547.0,135134.0,136525.0,DCE.i2301,7200
436,1.6524144e+18,436.0,763.5,770.5,763.5,766.5,9755.0,136525.0,137114.0,DCE.i2301,7200
437,1.6524216e+18,437.0,766.5,778.0,766.5,777.0,18108.0,137114.0,135882.0,DCE.i2301,7200
438,1.6524432e+18,438.0,775.0,780.0,768.0,778.0,22493.0,135882.0,137559.0,DCE.i2301,7200
439,1.6524504e+18,439.0,778.0,787.5,775.0,782.0,18070.0,137559.0,137380.0,DCE.i2301,7200
440,1.6526592e+18,440.0,785.0,791.0,778.0,778.5,27583.0,137380.0,140633.0,DCE.i2301,7200
441,1.6526664e+18,441.0,778.5,782.5,764.5,769.0,25539.0,140633.0,140743.0,DCE.i2301,7200
442,1.6526736e+18,442.0,771.5,777.0,770.0,771.5,8095.0,140743.0,141309.0,DCE.i2301,7200
443,1.6526808e+18,443.0,771.5,790.0,763.0,789.0,25907.0,141309.0,141111.0,DCE.i2301,7200
444,1.6527024e+18,444.0,790.0,800.5,790.0,796.5,24247.0,141111.0,142137.0,DCE.i2301,7200
445,1.6527096e+18,445.0,796.5,798.5,791.0,795.0,8626.0,142137.0,141448.0,DCE.i2301,7200
446,1.6527456e+18,446.0,800.0,804.0,788.5,789.5,20323.0,141448.0,142807.0,DCE.i2301,7200
447,1.6527528e+18,447.0,789.5,795.5,782.0,783.5,27029.0,142807.0,144967.0,DCE.i2301,7200
448,1.65276e+18,448.0,782.5,786.0,780.5,783.5,9437.0,144967.0,145216.0,DCE.i2301,7200
449,1.6527672e+18,449.0,783.5,793.5,782.0,785.5,14029.0,145216.0,144635.0,DCE.i2301,7200
450,1.6527888e+18,450.0,788.0,796.0,779.0,780.5,24091.0,144635.0,143991.0,DCE.i2301,7200
451,1.652796e+18,451.0,780.5,786.0,778.0,784.5,10470.0,143991.0,143398.0,DCE.i2301,7200
452,1.652832e+18,452.0,781.0,787.0,771.5,775.5,21543.0,143398.0,145575.0,DCE.i2301,7200
453,1.6528392e+18,453.0,775.5,780.5,767.5,770.5,20492.0,145575.0,147184.0,DCE.i2301,7200
454,1.6528464e+18,454.0,772.0,774.5,767.0,774.0,12020.0,147184.0,149067.0,DCE.i2301,7200
455,1.6528536e+18,455.0,774.0,776.0,749.0,750.0,30838.0,149067.0,152335.0,DCE.i2301,7200
456,1.6528752e+18,456.0,750.0,756.5,747.0,752.0,28018.0,152335.0,153299.0,DCE.i2301,7200
457,1.6528824e+18,457.0,752.0,756.5,747.5,751.0,13810.0,153299.0,154192.0,DCE.i2301,7200
458,1.6529184e+18,458.0,743.5,765.0,736.5,762.5,40244.0,154192.0,153705.0,DCE.i2301,7200
459,1.6529256e+18,459.0,762.5,774.5,761.0,771.5,27514.0,153705.0,154333.0,DCE.i2301,7200
460,1.6529328e+18,460.0,771.5,772.0,762.0,766.0,12968.0,154333.0,155328.0,DCE.i2301,7200
461,1.65294e+18,461.0,766.0,779.5,762.0,777.0,26974.0,155328.0,155026.0,DCE.i2301,7200
462,1.6529616e+18,462.0,775.0,781.0,771.0,776.5,20996.0,155026.0,155040.0,DCE.i2301,7200
463,1.6529688e+18,463.0,776.5,783.5,773.0,778.5,13540.0,155040.0,155181.0,DCE.i2301,7200
464,1.6530048e+18,464.0,779.5,787.5,778.0,782.5,19343.0,155181.0,155349.0,DCE.i2301,7200
465,1.653012e+18,465.0,782.5,788.0,775.0,785.5,24654.0,155349.0,156451.0,DCE.i2301,7200
466,1.6530192e+18,466.0,786.5,788.5,780.5,781.5,10100.0,156451.0,156357.0,DCE.i2301,7200
467,1.6530264e+18,467.0,781.5,797.0,781.0,794.0,21260.0,156357.0,155430.0,DCE.i2301,7200
468,1.653048e+18,468.0,793.0,809.5,793.0,808.5,23708.0,155430.0,157523.0,DCE.i2301,7200
469,1.6530552e+18,469.0,808.5,810.5,794.0,794.5,17305.0,157523.0,157953.0,DCE.i2301,7200
470,1.653264e+18,470.0,816.0,825.5,808.0,809.5,38846.0,157953.0,160218.0,DCE.i2301,7200
471,1.6532712e+18,471.0,809.5,817.5,802.5,803.0,22221.0,160218.0,160676.0,DCE.i2301,7200
472,1.6532784e+18,472.0,803.0,807.5,800.0,804.5,10486.0,160676.0,162204.0,DCE.i2301,7200
473,1.6532856e+18,473.0,804.5,812.0,791.5,808.0,27473.0,162204.0,163859.0,DCE.i2301,7200
474,1.6533072e+18,474.0,808.0,810.5,796.5,804.5,25085.0,163859.0,164233.0,DCE.i2301,7200
475,1.6533144e+18,475.0,804.5,809.5,796.0,799.0,12442.0,164233.0,163629.0,DCE.i2301,7200
476,1.6533504e+18,476.0,799.5,808.0,798.0,800.0,17416.0,163629.0,164038.0,DCE.i2301,7200
477,1.6533576e+18,477.0,800.0,811.0,799.0,803.5,21603.0,164038.0,164456.0,DCE.i2301,7200
478,1.6533648e+18,478.0,802.0,802.0,781.5,782.5,25565.0,164456.0,164074.0,DCE.i2301,7200
479,1.653372e+18,479.0,782.5,787.5,769.5,773.0,29568.0,164074.0,164667.0,DCE.i2301,7200
480,1.6533936e+18,480.0,770.5,785.0,770.0,782.5,28431.0,164667.0,162720.0,DCE.i2301,7200
481,1.6534008e+18,481.0,782.5,790.0,778.5,789.0,15114.0,162720.0,162148.0,DCE.i2301,7200
482,1.6534368e+18,482.0,789.0,798.0,788.0,796.5,18401.0,162148.0,162358.0,DCE.i2301,7200
483,1.653444e+18,483.0,796.5,800.0,783.5,785.5,24768.0,162358.0,164333.0,DCE.i2301,7200
484,1.6534512e+18,484.0,785.0,790.0,780.5,781.5,13082.0,164333.0,165915.0,DCE.i2301,7200
485,1.6534584e+18,485.0,781.5,799.0,777.5,796.0,32762.0,165915.0,165477.0,DCE.i2301,7200
486,1.65348e+18,486.0,796.0,796.0,778.0,787.5,38020.0,165477.0,166553.0,DCE.i2301,7200
487,1.6534872e+18,487.0,787.5,788.0,781.0,782.0,13213.0,166553.0,165579.0,DCE.i2301,7200
488,1.6535232e+18,488.0,782.0,787.0,757.5,758.5,47511.0,165579.0,171171.0,DCE.i2301,7200
489,1.6535304e+18,489.0,758.5,772.5,758.5,770.5,32473.0,171171.0,171083.0,DCE.i2301,7200
490,1.6535376e+18,490.0,770.0,779.5,768.5,774.5,16354.0,171083.0,171012.0,DCE.i2301,7200
491,1.6535448e+18,491.0,774.5,784.0,768.5,780.5,24450.0,171012.0,170716.0,DCE.i2301,7200
492,1.6535664e+18,492.0,782.0,790.5,779.0,789.0,26605.0,170716.0,167997.0,DCE.i2301,7200
493,1.6535736e+18,493.0,789.0,795.0,786.0,792.5,15531.0,167997.0,166855.0,DCE.i2301,7200
494,1.6536096e+18,494.0,793.5,802.0,791.0,795.5,26560.0,166855.0,166916.0,DCE.i2301,7200
495,1.6536168e+18,495.0,795.5,809.5,795.5,806.5,25009.0,166916.0,167592.0,DCE.i2301,7200
496,1.653624e+18,496.0,804.5,805.0,800.5,804.0,9927.0,167592.0,167993.0,DCE.i2301,7200
497,1.6536312e+18,497.0,804.0,811.5,798.5,806.0,24500.0,167993.0,167082.0,DCE.i2301,7200
498,1.6536528e+18,498.0,804.0,815.0,804.0,813.5,21879.0,167082.0,167438.0,DCE.i2301,7200
499,1.65366e+18,499.0,813.5,822.5,811.5,821.5,21239.0,167438.0,166817.0,DCE.i2301,7200
500,1.6538688e+18,500.0,823.0,824.5,810.5,811.0,26956.0,166817.0,171693.0,DCE.i2301,7200
501,1.653876e+18,501.0,811.0,815.5,802.0,805.0,29985.0,171693.0,172275.0,DCE.i2301,7200
502,1.6538832e+18,502.0,804.5,817.0,804.5,813.0,14006.0,172275.0,171577.0,DCE.i2301,7200
503,1.6538904e+18,503.0,813.0,818.0,809.0,815.5,16263.0,171577.0,172943.0,DCE.i2301,7200
504,1.653912e+18,504.0,816.0,833.0,815.5,831.5,27100.0,172943.0,174108.0,DCE.i2301,7200
505,1.6539192e+18,505.0,831.5,834.0,828.5,830.5,15302.0,174108.0,172410.0,DCE.i2301,7200
506,1.6539552e+18,506.0,833.0,836.5,827.5,834.5,18277.0,172410.0,173039.0,DCE.i2301,7200
507,1.6539624e+18,507.0,834.5,839.0,828.5,830.5,22018.0,173039.0,173748.0,DCE.i2301,7200
508,1.6539696e+18,508.0,831.5,838.5,831.5,834.0,9797.0,173748.0,174746.0,DCE.i2301,7200
509,1.6539768e+18,509.0,834.0,838.0,824.0,825.0,21816.0,174746.0,174286.0,DCE.i2301,7200
510,1.6539984e+18,510.0,825.5,831.5,824.5,829.0,16045.0,174286.0,174387.0,DCE.i2301,7200
511,1.6540056e+18,511.0,829.0,839.0,827.5,830.5,18355.0,174387.0,174419.0,DCE.i2301,7200
512,1.6540416e+18,512.0,827.5,837.5,826.5,836.0,16006.0,174419.0,175098.0,DCE.i2301,7200
513,1.6540488e+18,513.0,836.0,849.0,834.0,845.0,24562.0,175098.0,175650.0,DCE.i2301,7200
514,1.654056e+18,514.0,845.0,845.0,838.0,840.5,11003.0,175650.0,176162.0,DCE.i2301,7200
515,1.6540632e+18,515.0,840.5,845.0,837.0,840.5,14216.0,176162.0,175677.0,DCE.i2301,7200
516,1.6540848e+18,516.0,845.0,848.0,840.0,846.5,16042.0,175677.0,176121.0,DCE.i2301,7200
517,1.654092e+18,517.0,846.5,855.5,846.0,855.0,16870.0,176121.0,176718.0,DCE.i2301,7200
518,1.654128e+18,518.0,852.0,853.0,845.0,848.5,19741.0,176718.0,178552.0,DCE.i2301,7200
519,1.6541352e+18,519.0,848.5,854.0,843.5,853.5,18432.0,178552.0,177922.0,DCE.i2301,7200
520,1.6541424e+18,520.0,854.5,867.0,852.5,865.5,17707.0,177922.0,179709.0,DCE.i2301,7200
521,1.6541496e+18,521.0,865.5,872.0,863.5,870.5,22265.0,179709.0,180399.0,DCE.i2301,7200
522,1.6544736e+18,522.0,865.0,875.5,863.0,868.5,30391.0,180399.0,181102.0,DCE.i2301,7200
523,1.6544808e+18,523.0,868.5,880.0,867.0,878.5,14589.0,181102.0,181963.0,DCE.i2301,7200
524,1.654488e+18,524.0,878.5,879.5,872.5,875.0,7618.0,181963.0,182402.0,DCE.i2301,7200
525,1.6544952e+18,525.0,875.0,875.5,858.0,862.5,25946.0,182402.0,185661.0,DCE.i2301,7200
526,1.6545168e+18,526.0,860.0,872.0,860.0,869.5,19583.0,185661.0,185786.0,DCE.i2301,7200
527,1.654524e+18,527.0,869.5,870.0,863.0,870.0,12276.0,185786.0,186097.0,DCE.i2301,7200
528,1.65456e+18,528.0,870.0,879.0,868.5,873.5,14767.0,186097.0,189183.0,DCE.i2301,7200
529,1.6545672e+18,529.0,873.5,881.0,866.5,878.0,17986.0,189183.0,189702.0,DCE.i2301,7200
530,1.6545744e+18,530.0,876.0,877.0,864.0,865.5,11879.0,189702.0,191878.0,DCE.i2301,7200
531,1.6545816e+18,531.0,865.5,870.0,859.0,866.0,27230.0,191878.0,196939.0,DCE.i2301,7200
532,1.6546032e+18,532.0,868.0,876.0,859.0,874.5,27099.0,196939.0,198215.0,DCE.i2301,7200
533,1.6546104e+18,533.0,874.5,878.0,873.0,875.0,8517.0,198215.0,197210.0,DCE.i2301,7200
534,1.6546464e+18,534.0,878.0,878.5,871.0,875.0,14620.0,197210.0,196557.0,DCE.i2301,7200
535,1.6546536e+18,535.0,875.0,882.5,854.5,857.0,39371.0,196557.0,201020.0,DCE.i2301,7200
536,1.6546608e+18,536.0,856.5,862.0,855.0,860.5,16823.0,201020.0,201673.0,DCE.i2301,7200
537,1.654668e+18,537.0,860.5,868.5,858.0,863.0,18356.0,201673.0,201603.0,DCE.i2301,7200
538,1.6546896e+18,538.0,864.5,875.5,864.5,875.0,19699.0,201603.0,202086.0,DCE.i2301,7200
539,1.6546968e+18,539.0,875.0,875.5,865.0,868.5,13356.0,202086.0,199088.0,DCE.i2301,7200
540,1.6547328e+18,540.0,868.5,877.0,865.5,872.5,15948.0,199088.0,198795.0,DCE.i2301,7200
541,1.65474e+18,541.0,872.5,876.5,865.0,867.0,22486.0,198795.0,200703.0,DCE.i2301,7200
542,1.6547472e+18,542.0,865.5,866.0,859.5,861.0,17337.0,200703.0,200682.0,DCE.i2301,7200
543,1.6547544e+18,543.0,861.0,866.0,857.0,862.5,19736.0,200682.0,201626.0,DCE.i2301,7200
544,1.654776e+18,544.0,859.5,867.5,853.0,863.0,22950.0,201626.0,201224.0,DCE.i2301,7200
545,1.6547832e+18,545.0,863.0,864.5,858.5,860.0,8387.0,201224.0,200531.0,DCE.i2301,7200
546,1.6548192e+18,546.0,858.0,859.0,848.0,851.0,23022.0,200531.0,200307.0,DCE.i2301,7200
547,1.6548264e+18,547.0,851.0,863.5,850.5,859.5,18700.0,200307.0,200392.0,DCE.i2301,7200
548,1.6548336e+18,548.0,860.0,861.0,852.5,857.5,9077.0,200392.0,201211.0,DCE.i2301,7200
549,1.6548408e+18,549.0,857.5,860.0,845.0,845.0,26119.0,201211.0,201903.0,DCE.i2301,7200
550,1.6548624e+18,550.0,848.0,853.5,845.0,850.0,23529.0,201903.0,202098.0,DCE.i2301,7200
551,1.6548696e+18,551.0,850.0,851.0,828.0,833.0,34175.0,202098.0,202055.0,DCE.i2301,7200
552,1.6550784e+18,552.0,825.0,832.0,820.0,828.0,29949.0,202055.0,203477.0,DCE.i2301,7200
553,1.6550856e+18,553.0,828.0,830.0,814.0,814.5,21072.0,203477.0,206024.0,DCE.i2301,7200
554,1.6550928e+18,554.0,814.5,818.5,812.5,817.0,10502.0,206024.0,207276.0,DCE.i2301,7200
555,1.6551e+18,555.0,817.0,827.5,813.5,824.5,25044.0,207276.0,204521.0,DCE.i2301,7200
556,1.6551216e+18,556.0,825.0,827.5,821.5,824.5,14875.0,204521.0,205032.0,DCE.i2301,7200
557,1.6551288e+18,557.0,824.5,825.5,809.5,810.5,19211.0,205032.0,205280.0,DCE.i2301,7200
558,1.6551648e+18,558.0,811.5,817.5,804.0,804.5,24793.0,205280.0,206094.0,DCE.i2301,7200
559,1.655172e+18,559.0,804.5,812.5,800.0,803.5,24232.0,206094.0,206017.0,DCE.i2301,7200
560,1.6551792e+18,560.0,804.5,809.0,802.0,805.0,10840.0,206017.0,206816.0,DCE.i2301,7200
561,1.6551864e+18,561.0,805.0,824.5,804.5,817.5,35325.0,206816.0,203499.0,DCE.i2301,7200
562,1.655208e+18,562.0,816.5,816.5,807.5,809.5,26799.0,203499.0,203556.0,DCE.i2301,7200
563,1.6552152e+18,563.0,809.5,813.5,806.0,813.0,11879.0,203556.0,202949.0,DCE.i2301,7200
564,1.6552512e+18,564.0,809.0,824.0,805.5,821.5,24924.0,202949.0,203700.0,DCE.i2301,7200
565,1.6552584e+18,565.0,821.5,828.5,816.5,822.0,26306.0,203700.0,205649.0,DCE.i2301,7200
566,1.6552656e+18,566.0,824.0,824.5,818.5,821.5,8869.0,205649.0,207032.0,DCE.i2301,7200
567,1.6552728e+18,567.0,821.5,821.5,793.5,794.0,54522.0,207032.0,212201.0,DCE.i2301,7200
568,1.6552944e+18,568.0,799.5,806.0,796.5,805.0,27486.0,212201.0,207838.0,DCE.i2301,7200
569,1.6553016e+18,569.0,805.0,808.0,801.0,804.0,11957.0,207838.0,205939.0,DCE.i2301,7200
570,1.6553376e+18,570.0,808.0,814.5,805.5,806.5,24108.0,205939.0,206091.0,DCE.i2301,7200
571,1.6553448e+18,571.0,806.5,809.5,791.5,799.0,37742.0,206091.0,208444.0,DCE.i2301,7200
572,1.655352e+18,572.0,796.5,799.0,790.5,793.0,14378.0,208444.0,209255.0,DCE.i2301,7200
573,1.6553592e+18,573.0,793.0,799.5,790.5,792.5,29795.0,209255.0,211259.0,DCE.i2301,7200
574,1.6553808e+18,574.0,790.0,790.0,753.0,758.0,64063.0,211259.0,214382.0,DCE.i2301,7200
575,1.655388e+18,575.0,758.0,771.0,752.5,764.5,59786.0,214382.0,207757.0,DCE.i2301,7200
576,1.655424e+18,576.0,760.0,776.5,760.0,772.0,33371.0,207757.0,210190.0,DCE.i2301,7200
577,1.6554312e+18,577.0,772.0,773.5,754.0,755.0,32898.0,210190.0,214954.0,DCE.i2301,7200
578,1.6554384e+18,578.0,755.5,765.0,753.0,757.0,20772.0,214954.0,216779.0,DCE.i2301,7200
579,1.6554456e+18,579.0,757.0,758.0,744.0,748.0,40857.0,216779.0,218439.0,DCE.i2301,7200
580,1.6554672e+18,580.0,745.0,752.5,738.5,745.0,45427.0,218439.0,222362.0,DCE.i2301,7200
581,1.6554744e+18,581.0,745.0,747.0,729.0,730.0,33516.0,222362.0,222963.0,DCE.i2301,7200
582,1.6556832e+18,582.0,713.0,718.5,692.0,695.0,96807.0,222963.0,232705.0,DCE.i2301,7200
583,1.6556904e+18,583.0,695.0,705.5,690.0,695.5,48216.0,232705.0,235003.0,DCE.i2301,7200
584,1.6556976e+18,584.0,695.5,704.5,693.5,700.5,19973.0,235003.0,237274.0,DCE.i2301,7200
585,1.6557048e+18,585.0,700.5,700.5,680.5,687.5,65005.0,237274.0,237275.0,DCE.i2301,7200
586,1.6557264e+18,586.0,690.5,696.0,680.0,682.0,55046.0,237275.0,239189.0,DCE.i2301,7200
587,1.6557336e+18,587.0,682.0,695.5,676.5,692.0,42256.0,239189.0,235812.0,DCE.i2301,7200
588,1.6557696e+18,588.0,695.5,711.5,695.5,708.5,65156.0,235812.0,234304.0,DCE.i2301,7200
589,1.6557768e+18,589.0,708.5,714.5,697.5,704.0,46277.0,234304.0,237153.0,DCE.i2301,7200
590,1.655784e+18,590.0,705.0,705.0,691.5,696.0,20871.0,237153.0,238969.0,DCE.i2301,7200
591,1.6557912e+18,591.0,696.0,701.5,690.0,690.0,32342.0,238969.0,240272.0,DCE.i2301,7200
592,1.6558128e+18,592.0,697.5,702.0,691.0,692.5,35443.0,240272.0,242554.0,DCE.i2301,7200
593,1.65582e+18,593.0,692.5,701.5,689.5,692.5,26727.0,242554.0,241280.0,DCE.i2301,7200
594,1.655856e+18,594.0,689.5,690.0,669.5,670.5,61682.0,241280.0,248855.0,DCE.i2301,7200
595,1.6558632e+18,595.0,670.5,678.5,666.0,674.0,60199.0,248855.0,252835.0,DCE.i2301,7200
596,1.6558704e+18,596.0,672.5,679.5,670.0,671.0,16282.0,252835.0,254006.0,DCE.i2301,7200
597,1.6558776e+18,597.0,671.0,674.0,661.0,669.5,51942.0,254006.0,256792.0,DCE.i2301,7200
598,1.6558992e+18,598.0,672.0,694.0,672.0,686.0,70644.0,256792.0,253150.0,DCE.i2301,7200
599,1.6559064e+18,599.0,686.0,691.5,682.0,690.5,23358.0,253150.0,252443.0,DCE.i2301,7200
600,1.6559424e+18,600.0,689.5,691.0,676.0,679.0,37242.0,252443.0,256015.0,DCE.i2301,7200
601,1.6559496e+18,601.0,679.0,688.5,667.5,686.5,62493.0,256015.0,256646.0,DCE.i2301,7200
602,1.6559568e+18,602.0,688.5,699.0,688.0,696.5,34695.0,256646.0,260455.0,DCE.i2301,7200
603,1.655964e+18,603.0,696.5,709.0,695.5,705.5,63151.0,260455.0,258167.0,DCE.i2301,7200
604,1.6559856e+18,604.0,712.5,719.5,707.5,710.0,56360.0,258167.0,259546.0,DCE.i2301,7200
605,1.6559928e+18,605.0,710.0,711.0,697.5,701.5,35956.0,259546.0,261235.0,DCE.i2301,7200
606,1.6560288e+18,606.0,701.5,702.5,687.0,688.5,60760.0,261235.0,265225.0,DCE.i2301,7200
607,1.656036e+18,607.0,688.5,697.5,681.0,688.5,54379.0,265225.0,267862.0,DCE.i2301,7200
608,1.6560432e+18,608.0,688.0,706.5,688.0,701.0,35415.0,267862.0,266341.0,DCE.i2301,7200
609,1.6560504e+18,609.0,701.0,703.5,690.0,693.0,36275.0,266341.0,268154.0,DCE.i2301,7200
610,1.656072e+18,610.0,696.5,704.0,687.5,691.0,54515.0,268154.0,267834.0,DCE.i2301,7200
611,1.6560792e+18,611.0,691.0,718.5,690.5,714.0,59287.0,267834.0,263536.0,DCE.i2301,7200
612,1.656288e+18,612.0,721.0,730.0,717.0,724.0,55859.0,263536.0,262695.0,DCE.i2301,7200
613,1.6562952e+18,613.0,724.0,728.5,720.0,721.5,26431.0,262695.0,264587.0,DCE.i2301,7200
614,1.6563024e+18,614.0,720.5,728.0,718.5,727.5,14847.0,264587.0,265322.0,DCE.i2301,7200
615,1.6563096e+18,615.0,727.5,729.5,722.5,725.5,26261.0,265322.0,267341.0,DCE.i2301,7200
616,1.6563312e+18,616.0,728.0,738.5,724.5,725.5,48435.0,267341.0,267535.0,DCE.i2301,7200
617,1.6563384e+18,617.0,725.5,729.5,720.0,724.0,29209.0,267535.0,268605.0,DCE.i2301,7200
618,1.6563744e+18,618.0,725.0,726.5,715.0,715.5,30151.0,268605.0,270052.0,DCE.i2301,7200
619,1.6563816e+18,619.0,715.5,724.5,714.0,722.5,39837.0,270052.0,271370.0,DCE.i2301,7200
620,1.6563888e+18,620.0,722.5,731.0,722.5,728.0,16287.0,271370.0,270161.0,DCE.i2301,7200
621,1.656396e+18,621.0,728.0,750.0,727.5,747.5,60520.0,270161.0,266108.0,DCE.i2301,7200
622,1.6564176e+18,622.0,748.5,753.5,745.0,753.0,37053.0,266108.0,264358.0,DCE.i2301,7200
623,1.6564248e+18,623.0,753.0,757.0,744.0,756.0,32050.0,264358.0,260707.0,DCE.i2301,7200
624,1.6564608e+18,624.0,754.0,754.0,746.5,747.5,25023.0,260707.0,261697.0,DCE.i2301,7200
625,1.656468e+18,625.0,747.5,752.5,740.0,740.5,32754.0,261697.0,263630.0,DCE.i2301,7200
626,1.6564752e+18,626.0,740.5,754.5,736.5,753.5,36398.0,263630.0,264767.0,DCE.i2301,7200
627,1.6564824e+18,627.0,753.5,758.5,737.0,741.0,46494.0,264767.0,266988.0,DCE.i2301,7200
628,1.656504e+18,628.0,750.0,754.0,742.5,748.5,37940.0,266988.0,267030.0,DCE.i2301,7200
629,1.6565112e+18,629.0,748.5,751.0,745.5,749.5,16561.0,267030.0,265087.0,DCE.i2301,7200
630,1.6565472e+18,630.0,746.5,746.5,739.0,740.5,32620.0,265087.0,266330.0,DCE.i2301,7200
631,1.6565544e+18,631.0,740.5,743.0,726.5,738.0,63054.0,266330.0,270193.0,DCE.i2301,7200
632,1.6565616e+18,632.0,738.5,743.0,729.0,731.0,25011.0,270193.0,273034.0,DCE.i2301,7200
633,1.6565688e+18,633.0,731.0,741.5,728.5,732.0,33490.0,273034.0,273255.0,DCE.i2301,7200
634,1.6565904e+18,634.0,725.0,725.0,710.5,711.0,63864.0,273255.0,274579.0,DCE.i2301,7200
635,1.6565976e+18,635.0,711.0,715.0,704.0,707.0,35054.0,274579.0,273097.0,DCE.i2301,7200
636,1.6566336e+18,636.0,707.0,713.5,704.0,713.0,30973.0,273097.0,273464.0,DCE.i2301,7200
637,1.6566408e+18,637.0,713.0,722.5,708.5,709.5,43946.0,273464.0,271976.0,DCE.i2301,7200
638,1.656648e+18,638.0,708.0,708.0,694.5,696.0,34587.0,271976.0,273935.0,DCE.i2301,7200
639,1.6566552e+18,639.0,696.0,707.0,694.0,696.0,48667.0,273935.0,270694.0,DCE.i2301,7200
640,1.6566768e+18,640.0,701.0,709.5,696.5,698.0,43519.0,270694.0,275118.0,DCE.i2301,7200
641,1.656684e+18,641.0,698.0,699.0,684.5,687.0,48191.0,275118.0,271556.0,DCE.i2301,7200
642,1.6568928e+18,642.0,675.0,678.5,667.0,677.0,60057.0,271556.0,277288.0,DCE.i2301,7200
643,1.6569e+18,643.0,677.0,678.0,670.0,671.0,28165.0,277288.0,278510.0,DCE.i2301,7200
644,1.6569072e+18,644.0,671.0,677.5,666.0,670.5,19501.0,278510.0,279638.0,DCE.i2301,7200
645,1.6569144e+18,645.0,670.5,672.5,662.5,665.0,37438.0,279638.0,281175.0,DCE.i2301,7200
646,1.656936e+18,646.0,668.0,672.5,657.0,658.0,56195.0,281175.0,279151.0,DCE.i2301,7200
647,1.6569432e+18,647.0,658.0,689.5,657.0,687.0,76143.0,279151.0,271148.0,DCE.i2301,7200
648,1.6569792e+18,648.0,686.5,691.0,677.5,687.0,45229.0,271148.0,275636.0,DCE.i2301,7200
649,1.6569864e+18,649.0,687.0,691.5,678.5,688.0,45171.0,275636.0,277261.0,DCE.i2301,7200
650,1.6569936e+18,650.0,689.5,692.0,684.5,690.0,18272.0,277261.0,278996.0,DCE.i2301,7200
651,1.6570008e+18,651.0,690.0,693.5,681.5,685.0,29931.0,278996.0,279366.0,DCE.i2301,7200
652,1.6570224e+18,652.0,678.0,678.0,662.0,663.5,75967.0,279366.0,282018.0,DCE.i2301,7200
653,1.6570296e+18,653.0,663.5,679.0,662.5,668.0,46586.0,282018.0,278580.0,DCE.i2301,7200
654,1.6570656e+18,654.0,669.5,685.5,664.5,666.5,63268.0,278580.0,284466.0,DCE.i2301,7200
655,1.6570728e+18,655.0,666.5,670.0,649.0,654.0,74647.0,284466.0,290831.0,DCE.i2301,7200
656,1.65708e+18,656.0,657.5,659.5,645.5,656.0,32001.0,290831.0,292653.0,DCE.i2301,7200
657,1.6570872e+18,657.0,656.0,681.5,655.5,678.5,62640.0,292653.0,289835.0,DCE.i2301,7200
658,1.6571088e+18,658.0,679.0,683.5,668.0,674.5,59773.0,289835.0,289108.0,DCE.i2301,7200
659,1.657116e+18,659.0,674.5,681.5,669.5,670.5,36509.0,289108.0,285599.0,DCE.i2301,7200
660,1.657152e+18,660.0,676.0,676.5,669.0,674.0,40560.0,285599.0,288202.0,DCE.i2301,7200
661,1.6571592e+18,661.0,674.0,703.0,674.0,697.5,95371.0,288202.0,284566.0,DCE.i2301,7200
662,1.6571664e+18,662.0,697.5,699.0,689.0,689.0,24942.0,284566.0,287110.0,DCE.i2301,7200
663,1.6571736e+18,663.0,689.0,696.0,686.5,688.0,34560.0,287110.0,287814.0,DCE.i2301,7200
664,1.6571952e+18,664.0,696.5,711.0,696.5,707.0,66840.0,287814.0,288461.0,DCE.i2301,7200
665,1.6572024e+18,665.0,707.0,707.5,699.5,702.0,24228.0,288461.0,288702.0,DCE.i2301,7200
666,1.6572384e+18,666.0,704.0,705.5,687.5,691.5,47391.0,288702.0,291624.0,DCE.i2301,7200
667,1.6572456e+18,667.0,691.5,696.0,686.0,691.0,45188.0,291624.0,294874.0,DCE.i2301,7200
668,1.6572528e+18,668.0,691.0,691.0,682.5,683.5,23201.0,294874.0,294806.0,DCE.i2301,7200
669,1.65726e+18,669.0,683.5,693.0,681.0,683.0,33600.0,294806.0,294784.0,DCE.i2301,7200
670,1.6572816e+18,670.0,684.0,700.0,683.0,693.0,54203.0,294784.0,296124.0,DCE.i2301,7200
671,1.6572888e+18,671.0,693.0,695.0,662.5,665.5,61626.0,296124.0,298541.0,DCE.i2301,7200
672,1.6574976e+18,672.0,659.0,676.0,654.0,668.0,79922.0,298541.0,298498.0,DCE.i2301,7200
673,1.6575048e+18,673.0,668.0,673.0,659.0,662.5,45047.0,298498.0,304324.0,DCE.i2301,7200
674,1.657512e+18,674.0,662.0,666.5,654.0,655.0,27734.0,304324.0,307928.0,DCE.i2301,7200
675,1.6575192e+18,675.0,655.0,675.5,654.5,670.5,61678.0,307928.0,304576.0,DCE.i2301,7200
676,1.6575408e+18,676.0,672.5,672.5,649.5,654.5,74111.0,304576.0,308542.0,DCE.i2301,7200
677,1.657548e+18,677.0,654.5,657.0,649.5,653.0,28682.0,308542.0,308038.0,DCE.i2301,7200
678,1.657584e+18,678.0,650.5,670.0,646.0,666.0,78434.0,308038.0,307049.0,DCE.i2301,7200
679,1.6575912e+18,679.0,666.0,668.5,646.0,648.0,67673.0,307049.0,309119.0,DCE.i2301,7200
680,1.6575984e+18,680.0,650.0,653.5,646.0,647.0,23503.0,309119.0,308981.0,DCE.i2301,7200
681,1.6576056e+18,681.0,647.0,653.0,637.0,639.5,61738.0,308981.0,312282.0,DCE.i2301,7200
682,1.6576272e+18,682.0,636.0,648.5,630.0,643.0,75734.0,312282.0,313047.0,DCE.i2301,7200
683,1.6576344e+18,683.0,643.0,648.0,640.0,646.0,31609.0,313047.0,311550.0,DCE.i2301,7200
684,1.6576704e+18,684.0,640.0,655.5,640.0,649.0,63393.0,311550.0,317532.0,DCE.i2301,7200
685,1.6576776e+18,685.0,649.0,655.0,641.5,645.0,47910.0,317532.0,319999.0,DCE.i2301,7200
686,1.6576848e+18,686.0,645.0,651.0,643.0,643.0,23045.0,319999.0,321829.0,DCE.i2301,7200
687,1.657692e+18,687.0,643.0,664.0,640.0,663.0,91947.0,321829.0,315092.0,DCE.i2301,7200
688,1.6577136e+18,688.0,651.0,658.5,645.0,650.0,71824.0,315092.0,318978.0,DCE.i2301,7200
689,1.6577208e+18,689.0,650.0,660.0,640.0,656.0,70366.0,318978.0,313892.0,DCE.i2301,7200
690,1.6577568e+18,690.0,656.5,656.5,644.0,644.5,53355.0,313892.0,321597.0,DCE.i2301,7200
691,1.657764e+18,691.0,644.5,658.0,644.5,656.0,54430.0,321597.0,321673.0,DCE.i2301,7200
692,1.6577712e+18,692.0,655.0,655.0,645.5,647.0,29381.0,321673.0,324999.0,DCE.i2301,7200
693,1.6577784e+18,693.0,647.0,651.0,630.0,630.5,65002.0,324999.0,333458.0,DCE.i2301,7200
694,1.6578e+18,694.0,617.0,623.5,608.5,618.5,116970.0,333458.0,334467.0,DCE.i2301,7200
695,1.6578072e+18,695.0,618.5,620.0,611.5,614.0,49395.0,334467.0,333477.0,DCE.i2301,7200
696,1.6578432e+18,696.0,617.5,622.5,610.5,621.5,79939.0,333477.0,334687.0,DCE.i2301,7200
697,1.6578504e+18,697.0,621.5,627.0,612.0,613.0,56885.0,334687.0,334759.0,DCE.i2301,7200
698,1.6578576e+18,698.0,612.0,614.5,604.5,613.5,36061.0,334759.0,336799.0,DCE.i2301,7200
699,1.6578648e+18,699.0,613.5,614.0,598.0,600.5,62488.0,336799.0,334078.0,DCE.i2301,7200
700,1.6578864e+18,700.0,605.0,617.0,602.0,606.0,78832.0,334078.0,333112.0,DCE.i2301,7200
701,1.6578936e+18,701.0,606.0,625.5,606.0,623.5,64490.0,333112.0,324172.0,DCE.i2301,7200
702,1.6581024e+18,702.0,620.5,628.0,618.0,621.5,65271.0,324172.0,321795.0,DCE.i2301,7200
703,1.6581096e+18,703.0,621.5,626.5,619.0,625.0,42904.0,321795.0,322288.0,DCE.i2301,7200
704,1.6581168e+18,704.0,625.0,629.5,622.0,623.5,20043.0,322288.0,322818.0,DCE.i2301,7200
705,1.658124e+18,705.0,623.5,634.5,620.5,631.0,49826.0,322818.0,320576.0,DCE.i2301,7200
706,1.6581456e+18,706.0,636.0,642.0,625.5,640.5,87054.0,320576.0,323626.0,DCE.i2301,7200
707,1.6581528e+18,707.0,640.5,644.5,637.5,639.0,34940.0,323626.0,321297.0,DCE.i2301,7200
708,1.6581888e+18,708.0,638.0,638.5,626.5,628.5,52420.0,321297.0,325908.0,DCE.i2301,7200
709,1.658196e+18,709.0,628.5,633.0,621.0,628.0,59791.0,325908.0,331039.0,DCE.i2301,7200
710,1.6582032e+18,710.0,627.0,628.5,619.5,620.5,36859.0,331039.0,336959.0,DCE.i2301,7200
711,1.6582104e+18,711.0,620.5,630.0,618.0,624.0,65526.0,336959.0,337859.0,DCE.i2301,7200
712,1.658232e+18,712.0,615.0,618.5,607.0,614.5,97372.0,337859.0,343325.0,DCE.i2301,7200
713,1.6582392e+18,713.0,614.5,632.0,614.0,631.5,68491.0,343325.0,340652.0,DCE.i2301,7200
714,1.6582752e+18,714.0,635.0,637.5,630.0,633.5,42750.0,340652.0,341171.0,DCE.i2301,7200
715,1.6582824e+18,715.0,633.5,646.0,632.0,641.0,67359.0,341171.0,341105.0,DCE.i2301,7200
716,1.6582896e+18,716.0,640.0,640.0,633.5,634.0,28052.0,341105.0,343667.0,DCE.i2301,7200
717,1.6582968e+18,717.0,634.0,638.5,630.0,636.0,48777.0,343667.0,345868.0,DCE.i2301,7200
718,1.6583184e+18,718.0,632.0,640.0,632.0,633.0,59853.0,345868.0,348819.0,DCE.i2301,7200
719,1.6583256e+18,719.0,633.0,639.5,630.0,639.0,47278.0,348819.0,350413.0,DCE.i2301,7200
720,1.6583616e+18,720.0,637.0,638.0,625.0,629.0,51190.0,350413.0,352874.0,DCE.i2301,7200
721,1.6583688e+18,721.0,629.0,635.0,625.5,631.0,46404.0,352874.0,352590.0,DCE.i2301,7200
722,1.658376e+18,722.0,631.0,636.5,628.0,635.5,27287.0,352590.0,354783.0,DCE.i2301,7200
723,1.6583832e+18,723.0,635.5,642.0,633.0,635.5,57783.0,354783.0,353818.0,DCE.i2301,7200
724,1.6584048e+18,724.0,627.0,634.0,621.0,631.5,78897.0,353818.0,360210.0,DCE.i2301,7200
725,1.658412e+18,725.0,631.5,634.0,627.0,628.0,31910.0,360210.0,358513.0,DCE.i2301,7200
726,1.658448e+18,726.0,628.0,632.5,620.0,632.0,84529.0,358513.0,358109.0,DCE.i2301,7200
727,1.6584552e+18,727.0,632.0,643.0,630.0,636.0,75179.0,358109.0,354573.0,DCE.i2301,7200
728,1.6584624e+18,728.0,635.5,641.5,633.5,640.0,19590.0,354573.0,356218.0,DCE.i2301,7200
729,1.6584696e+18,729.0,640.0,645.0,637.5,644.5,43250.0,356218.0,355206.0,DCE.i2301,7200
730,1.6584912e+18,730.0,650.0,669.0,648.0,665.5,108730.0,355206.0,347890.0,DCE.i2301,7200
731,1.6584984e+18,731.0,665.5,681.0,660.5,680.0,80909.0,347890.0,345889.0,DCE.i2301,7200
732,1.6587072e+18,732.0,680.0,680.0,671.0,673.0,59911.0,345889.0,350355.0,DCE.i2301,7200
733,1.6587144e+18,733.0,673.0,680.0,671.0,674.5,38943.0,350355.0,351146.0,DCE.i2301,7200
734,1.6587216e+18,734.0,673.5,675.0,667.0,669.0,25370.0,351146.0,351934.0,DCE.i2301,7200
735,1.6587288e+18,735.0,669.0,673.0,666.0,669.5,42148.0,351934.0,353272.0,DCE.i2301,7200
736,1.6587504e+18,736.0,672.0,674.5,661.0,664.0,61786.0,353272.0,357997.0,DCE.i2301,7200
737,1.6587576e+18,737.0,664.0,671.5,663.5,668.5,26982.0,357997.0,357296.0,DCE.i2301,7200
738,1.6587936e+18,738.0,668.5,685.0,667.5,684.5,60038.0,357296.0,355653.0,DCE.i2301,7200
739,1.6588008e+18,739.0,684.5,692.5,681.5,685.0,79739.0,355653.0,355333.0,DCE.i2301,7200
740,1.658808e+18,740.0,685.0,688.0,683.0,687.5,16780.0,355333.0,357356.0,DCE.i2301,7200
741,1.6588152e+18,741.0,687.5,695.5,685.5,695.0,54490.0,357356.0,355703.0,DCE.i2301,7200
742,1.6588368e+18,742.0,699.0,699.0,687.5,689.5,65962.0,355703.0,360562.0,DCE.i2301,7200
743,1.658844e+18,743.0,689.5,692.0,686.0,688.0,31012.0,360562.0,360168.0,DCE.i2301,7200
744,1.65888e+18,744.0,686.0,686.0,676.0,677.0,60330.0,360168.0,364258.0,DCE.i2301,7200
745,1.6588872e+18,745.0,677.0,686.5,672.0,685.0,65662.0,364258.0,364804.0,DCE.i2301,7200
746,1.6588944e+18,746.0,686.5,692.0,686.5,690.0,33115.0,364804.0,369403.0,DCE.i2301,7200
747,1.6589016e+18,747.0,690.0,691.0,679.5,684.5,44333.0,369403.0,373042.0,DCE.i2301,7200
748,1.6589232e+18,748.0,687.0,695.5,680.5,695.0,76663.0,373042.0,372985.0,DCE.i2301,7200
749,1.6589304e+18,749.0,695.0,699.5,690.0,698.0,48705.0,372985.0,370071.0,DCE.i2301,7200
750,1.6589664e+18,750.0,701.0,708.0,700.0,703.0,67133.0,370071.0,372252.0,DCE.i2301,7200
751,1.6589736e+18,751.0,703.0,717.0,700.5,716.5,62220.0,372252.0,373758.0,DCE.i2301,7200
752,1.6589808e+18,752.0,716.0,719.5,713.5,716.5,35442.0,373758.0,378101.0,DCE.i2301,7200
753,1.658988e+18,753.0,716.5,732.0,716.5,727.0,92793.0,378101.0,378126.0,DCE.i2301,7200
754,1.6590096e+18,754.0,718.0,727.5,715.0,717.5,84871.0,378126.0,384985.0,DCE.i2301,7200
755,1.6590168e+18,755.0,717.5,729.5,717.0,726.0,44156.0,384985.0,382868.0,DCE.i2301,7200
756,1.6590528e+18,756.0,727.5,728.0,711.0,713.5,66091.0,382868.0,387296.0,DCE.i2301,7200
757,1.65906e+18,757.0,713.5,714.0,703.5,709.0,85354.0,387296.0,391122.0,DCE.i2301,7200
758,1.6590672e+18,758.0,709.0,715.0,708.5,711.0,22742.0,391122.0,391133.0,DCE.i2301,7200
759,1.6590744e+18,759.0,711.0,716.5,707.5,715.0,49280.0,391133.0,388224.0,DCE.i2301,7200
760,1.659096e+18,760.0,714.5,728.0,714.5,723.0,84596.0,388224.0,389831.0,DCE.i2301,7200
761,1.6591032e+18,761.0,723.0,743.0,723.0,742.0,97871.0,389831.0,385746.0,DCE.i2301,7200
762,1.659312e+18,762.0,744.0,748.5,725.5,727.5,101498.0,385746.0,399000.0,DCE.i2301,7200
763,1.6593192e+18,763.0,727.5,736.0,719.5,723.5,79095.0,399000.0,404908.0,DCE.i2301,7200
764,1.6593264e+18,764.0,723.0,728.5,721.0,724.0,26835.0,404908.0,407151.0,DCE.i2301,7200
765,1.6593336e+18,765.0,724.0,726.0,716.0,722.5,67965.0,407151.0,411474.0,DCE.i2301,7200
766,1.6593552e+18,766.0,716.0,719.5,711.5,718.5,75656.0,411474.0,415490.0,DCE.i2301,7200
767,1.6593624e+18,767.0,718.5,720.5,715.5,717.5,37082.0,415490.0,414473.0,DCE.i2301,7200
768,1.6593984e+18,768.0,715.5,729.0,714.5,725.0,79387.0,414473.0,416869.0,DCE.i2301,7200
769,1.6594056e+18,769.0,725.0,730.0,713.5,724.0,115086.0,416869.0,419659.0,DCE.i2301,7200
770,1.6594128e+18,770.0,725.5,727.0,721.0,725.0,23045.0,419659.0,421817.0,DCE.i2301,7200
771,1.65942e+18,771.0,725.0,739.0,723.5,735.5,86917.0,421817.0,425924.0,DCE.i2301,7200
772,1.6594416e+18,772.0,732.5,737.5,723.0,724.0,87974.0,425924.0,430182.0,DCE.i2301,7200
773,1.6594488e+18,773.0,724.0,732.0,715.0,722.0,102370.0,430182.0,428231.0,DCE.i2301,7200
774,1.6594848e+18,774.0,723.5,731.5,722.0,728.5,70511.0,428231.0,433876.0,DCE.i2301,7200
775,1.659492e+18,775.0,728.5,730.0,718.5,726.5,63078.0,433876.0,435209.0,DCE.i2301,7200
776,1.6594992e+18,776.0,727.5,733.0,726.5,728.5,32133.0,435209.0,439876.0,DCE.i2301,7200
777,1.6595064e+18,777.0,728.5,731.5,718.5,719.0,59818.0,439876.0,440642.0,DCE.i2301,7200
778,1.659528e+18,778.0,719.0,725.0,708.0,709.0,123033.0,440642.0,450586.0,DCE.i2301,7200
779,1.6595352e+18,779.0,709.0,710.0,702.5,704.0,87924.0,450586.0,453552.0,DCE.i2301,7200
780,1.6595712e+18,780.0,704.5,713.0,701.0,711.5,85427.0,453552.0,461561.0,DCE.i2301,7200
781,1.6595784e+18,781.0,711.5,716.0,696.5,702.5,128372.0,461561.0,468453.0,DCE.i2301,7200
782,1.6595856e+18,782.0,703.0,704.5,695.0,697.5,41077.0,468453.0,472029.0,DCE.i2301,7200
783,1.6595928e+18,783.0,697.5,702.5,688.0,688.5,95719.0,472029.0,470650.0,DCE.i2301,7200
784,1.6596144e+18,784.0,692.0,697.5,686.5,693.5,128819.0,470650.0,487954.0,DCE.i2301,7200
785,1.6596216e+18,785.0,693.5,701.5,689.0,694.0,96134.0,487954.0,488537.0,DCE.i2301,7200
786,1.6596576e+18,786.0,695.0,706.5,693.0,704.5,122564.0,488537.0,497932.0,DCE.i2301,7200
787,1.6596648e+18,787.0,704.5,713.5,702.0,711.5,136160.0,497932.0,514330.0,DCE.i2301,7200
788,1.659672e+18,788.0,710.5,722.5,710.0,720.0,87178.0,514330.0,526216.0,DCE.i2301,7200
789,1.6596792e+18,789.0,720.0,731.0,718.5,723.0,157040.0,526216.0,534304.0,DCE.i2301,7200
790,1.6597008e+18,790.0,718.0,727.5,715.5,725.5,165576.0,534304.0,547401.0,DCE.i2301,7200
791,1.659708e+18,791.0,725.5,743.0,723.0,742.0,172379.0,547401.0,551701.0,DCE.i2301,7200
792,1.6599168e+18,792.0,740.0,744.0,732.0,742.5,135637.0,551701.0,559344.0,DCE.i2301,7200
793,1.659924e+18,793.0,742.5,743.0,734.0,737.5,80076.0,559344.0,560464.0,DCE.i2301,7200
794,1.6599312e+18,794.0,737.0,740.5,735.0,740.5,32385.0,560464.0,563059.0,DCE.i2301,7200
795,1.6599384e+18,795.0,740.5,745.5,734.5,737.5,96282.0,563059.0,565571.0,DCE.i2301,7200
796,1.65996e+18,796.0,740.0,755.0,735.5,753.5,199271.0,565571.0,584147.0,DCE.i2301,7200
797,1.6599672e+18,797.0,753.5,755.0,739.0,744.5,125787.0,584147.0,577413.0,DCE.i2301,7200
798,1.6600032e+18,798.0,745.0,745.5,730.5,731.5,119389.0,577413.0,590722.0,DCE.i2301,7200
799,1.6600104e+18,799.0,731.5,735.5,727.0,729.0,117463.0,590722.0,595703.0,DCE.i2301,7200
800,1.6600176e+18,800.0,729.5,732.5,725.0,730.5,68352.0,595703.0,598616.0,DCE.i2301,7200
801,1.6600248e+18,801.0,730.5,737.5,722.5,723.0,162475.0,598616.0,596223.0,DCE.i2301,7200
802,1.6600464e+18,802.0,727.0,733.0,723.5,729.5,140486.0,596223.0,601811.0,DCE.i2301,7200
803,1.6600536e+18,803.0,729.5,735.0,721.0,724.5,142178.0,601811.0,599698.0,DCE.i2301,7200
804,1.6600896e+18,804.0,724.5,731.0,721.5,729.0,104835.0,599698.0,603693.0,DCE.i2301,7200
805,1.6600968e+18,805.0,729.0,733.5,713.5,715.0,184352.0,603693.0,611147.0,DCE.i2301,7200
806,1.660104e+18,806.0,715.0,722.5,714.5,719.0,58923.0,611147.0,612535.0,DCE.i2301,7200
807,1.6601112e+18,807.0,719.0,728.5,717.0,724.5,126183.0,612535.0,612333.0,DCE.i2301,7200
808,1.6601328e+18,808.0,732.5,744.0,726.0,729.0,224543.0,612333.0,619958.0,DCE.i2301,7200
809,1.66014e+18,809.0,729.0,731.0,721.0,725.5,109371.0,619958.0,615149.0,DCE.i2301,7200
810,1.660176e+18,810.0,728.0,739.5,728.0,739.5,137186.0,615149.0,622096.0,DCE.i2301,7200
811,1.6601832e+18,811.0,739.5,741.0,728.5,737.5,141161.0,622096.0,630878.0,DCE.i2301,7200
812,1.6601904e+18,812.0,736.5,743.5,731.5,742.5,84461.0,630878.0,636699.0,DCE.i2301,7200
813,1.6601976e+18,813.0,742.5,744.0,738.0,741.0,100992.0,636699.0,640095.0,DCE.i2301,7200
814,1.6602192e+18,814.0,741.0,744.0,732.0,732.5,139969.0,640095.0,645401.0,DCE.i2301,7200
815,1.6602264e+18,815.0,732.5,738.0,728.0,737.5,99632.0,645401.0,638484.0,DCE.i2301,7200
816,1.6602624e+18,816.0,736.5,739.5,724.5,726.0,151655.0,638484.0,642617.0,DCE.i2301,7200
817,1.6602696e+18,817.0,726.0,728.0,716.0,720.0,194458.0,642617.0,649381.0,DCE.i2301,7200
818,1.6602768e+18,818.0,720.0,725.5,720.0,725.0,57929.0,649381.0,648817.0,DCE.i2301,7200
819,1.660284e+18,819.0,725.0,731.0,723.0,730.5,103845.0,648817.0,639099.0,DCE.i2301,7200
820,1.6603056e+18,820.0,728.0,735.5,722.0,730.0,188215.0,639099.0,645457.0,DCE.i2301,7200
821,1.6603128e+18,821.0,730.0,733.0,725.5,730.0,94325.0,645457.0,639023.0,DCE.i2301,7200
822,1.6605216e+18,822.0,729.5,738.5,720.5,734.0,215441.0,639023.0,646444.0,DCE.i2301,7200
823,1.6605288e+18,823.0,734.0,735.0,712.0,715.5,248642.0,646444.0,661344.0,DCE.i2301,7200
824,1.660536e+18,824.0,715.5,718.5,708.5,710.5,69267.0,661344.0,668409.0,DCE.i2301,7200
825,1.6605432e+18,825.0,710.5,711.5,703.5,707.5,150334.0,668409.0,667462.0,DCE.i2301,7200
826,1.6605648e+18,826.0,700.0,708.0,696.5,704.5,160961.0,667462.0,667669.0,DCE.i2301,7200
827,1.660572e+18,827.0,704.5,711.5,704.0,708.5,70481.0,667669.0,661832.0,DCE.i2301,7200
828,1.660608e+18,828.0,708.5,718.0,708.5,714.5,117800.0,661832.0,664538.0,DCE.i2301,7200
829,1.6606152e+18,829.0,714.5,728.0,714.5,724.5,189664.0,664538.0,669308.0,DCE.i2301,7200
830,1.6606224e+18,830.0,724.0,724.0,718.0,721.0,53647.0,669308.0,671378.0,DCE.i2301,7200
831,1.6606296e+18,831.0,721.0,725.0,719.0,720.5,91476.0,671378.0,667848.0,DCE.i2301,7200
832,1.6606512e+18,832.0,720.0,723.5,716.5,718.0,119733.0,667848.0,671938.0,DCE.i2301,7200
833,1.6606584e+18,833.0,718.0,722.0,716.0,717.5,68106.0,671938.0,664666.0,DCE.i2301,7200
834,1.6606944e+18,834.0,718.0,720.5,707.5,712.0,159547.0,664666.0,664950.0,DCE.i2301,7200
835,1.6607016e+18,835.0,712.0,712.5,701.0,702.5,168633.0,664950.0,672694.0,DCE.i2301,7200
836,1.6607088e+18,836.0,701.0,706.0,699.0,705.5,84930.0,672694.0,676265.0,DCE.i2301,7200
837,1.660716e+18,837.0,705.5,708.5,683.5,684.0,257506.0,676265.0,684691.0,DCE.i2301,7200
838,1.6607376e+18,838.0,686.0,692.0,681.5,685.5,182233.0,684691.0,702682.0,DCE.i2301,7200
839,1.6607448e+18,839.0,685.5,691.0,683.5,687.5,93914.0,702682.0,698983.0,DCE.i2301,7200
840,1.6607808e+18,840.0,687.5,693.5,683.0,689.0,117420.0,698983.0,702032.0,DCE.i2301,7200
841,1.660788e+18,841.0,689.0,689.5,676.5,688.5,202316.0,702032.0,702136.0,DCE.i2301,7200
842,1.6607952e+18,842.0,689.0,700.5,689.0,696.5,145553.0,702136.0,698109.0,DCE.i2301,7200
843,1.6608024e+18,843.0,696.5,698.5,678.0,678.5,183260.0,698109.0,702709.0,DCE.i2301,7200
844,1.660824e+18,844.0,683.0,687.5,679.5,680.5,147004.0,702709.0,709821.0,DCE.i2301,7200
845,1.6608312e+18,845.0,680.5,684.5,672.0,682.5,182800.0,709821.0,706429.0,DCE.i2301,7200
846,1.6608672e+18,846.0,682.0,686.5,676.0,680.0,130395.0,706429.0,711814.0,DCE.i2301,7200
847,1.6608744e+18,847.0,680.0,691.5,677.0,686.0,163243.0,711814.0,711920.0,DCE.i2301,7200
848,1.6608816e+18,848.0,685.5,686.5,678.0,678.5,62115.0,711920.0,714625.0,DCE.i2301,7200
849,1.6608888e+18,849.0,678.5,680.5,672.0,673.5,181882.0,714625.0,711214.0,DCE.i2301,7200
850,1.6609104e+18,850.0,675.0,683.0,672.5,681.5,163000.0,711214.0,721940.0,DCE.i2301,7200
851,1.6609176e+18,851.0,681.5,690.0,680.0,689.0,140578.0,721940.0,706779.0,DCE.i2301,7200
852,1.6611264e+18,852.0,687.0,698.0,686.5,693.5,195050.0,706779.0,705309.0,DCE.i2301,7200
853,1.6611336e+18,853.0,693.5,698.0,692.5,694.5,107422.0,705309.0,701338.0,DCE.i2301,7200
854,1.6611408e+18,854.0,695.5,697.0,691.0,694.5,42316.0,701338.0,702102.0,DCE.i2301,7200
855,1.661148e+18,855.0,694.5,694.5,689.0,690.5,88171.0,702102.0,695277.0,DCE.i2301,7200
856,1.6611696e+18,856.0,690.5,694.5,682.5,684.5,163088.0,695277.0,705161.0,DCE.i2301,7200
857,1.6611768e+18,857.0,684.5,691.5,681.5,691.5,94568.0,705161.0,703584.0,DCE.i2301,7200
858,1.6612128e+18,858.0,693.0,709.0,693.0,707.5,226252.0,703584.0,699314.0,DCE.i2301,7200
859,1.66122e+18,859.0,707.5,709.5,702.0,707.0,105894.0,699314.0,706642.0,DCE.i2301,7200
860,1.6612272e+18,860.0,706.0,707.0,702.5,704.5,50921.0,706642.0,709116.0,DCE.i2301,7200
861,1.6612344e+18,861.0,704.5,708.0,701.5,705.0,99467.0,709116.0,701893.0,DCE.i2301,7200
862,1.661256e+18,862.0,707.5,712.0,705.5,708.0,142121.0,701893.0,709597.0,DCE.i2301,7200
863,1.6612632e+18,863.0,708.0,717.5,707.5,714.5,120594.0,709597.0,705186.0,DCE.i2301,7200
864,1.6612992e+18,864.0,714.0,714.5,701.0,701.0,143874.0,705186.0,699429.0,DCE.i2301,7200
865,1.6613064e+18,865.0,701.0,707.0,697.5,702.5,156875.0,699429.0,692071.0,DCE.i2301,7200
866,1.6613136e+18,866.0,702.0,709.5,700.5,706.0,56101.0,692071.0,694670.0,DCE.i2301,7200
867,1.6613208e+18,867.0,706.0,716.0,701.5,716.0,116070.0,694670.0,688078.0,DCE.i2301,7200
868,1.6613424e+18,868.0,717.5,721.5,712.0,719.0,182237.0,688078.0,687750.0,DCE.i2301,7200
869,1.6613496e+18,869.0,719.0,721.0,714.0,714.0,78047.0,687750.0,683395.0,DCE.i2301,7200
870,1.6613856e+18,870.0,714.5,721.0,712.0,721.0,94870.0,683395.0,686115.0,DCE.i2301,7200
871,1.6613928e+18,871.0,721.0,721.5,714.5,719.0,102682.0,686115.0,689783.0,DCE.i2301,7200
872,1.6614e+18,872.0,717.0,717.0,706.0,712.0,153636.0,689783.0,692480.0,DCE.i2301,7200
873,1.6614072e+18,873.0,712.0,712.5,702.5,705.5,167688.0,692480.0,687387.0,DCE.i2301,7200
874,1.6614288e+18,874.0,708.0,726.0,707.5,721.5,262104.0,687387.0,695008.0,DCE.i2301,7200
875,1.661436e+18,875.0,721.5,722.5,716.5,719.5,84036.0,695008.0,689772.0,DCE.i2301,7200
876,1.661472e+18,876.0,718.5,729.0,718.0,729.0,130072.0,689772.0,703016.0,DCE.i2301,7200
877,1.6614792e+18,877.0,729.0,732.5,726.5,727.5,154687.0,703016.0,716660.0,DCE.i2301,7200
878,1.6614864e+18,878.0,728.0,731.0,725.0,730.0,43986.0,716660.0,715483.0,DCE.i2301,7200
879,1.6614936e+18,879.0,730.0,735.5,727.5,735.0,139395.0,715483.0,710993.0,DCE.i2301,7200
880,1.6615152e+18,880.0,730.5,736.5,724.0,726.5,177170.0,710993.0,701850.0,DCE.i2301,7200
881,1.6615224e+18,881.0,726.5,729.5,721.5,724.0,113893.0,701850.0,695564.0,DCE.i2301,7200
882,1.6617312e+18,882.0,720.0,721.0,714.0,719.0,215512.0,695564.0,691092.0,DCE.i2301,7200
883,1.6617384e+18,883.0,719.0,719.5,707.0,711.0,180525.0,691092.0,690608.0,DCE.i2301,7200
884,1.6617456e+18,884.0,711.0,711.0,707.0,709.5,37765.0,690608.0,693395.0,DCE.i2301,7200
885,1.6617528e+18,885.0,709.5,714.5,704.0,714.0,129365.0,693395.0,685463.0,DCE.i2301,7200
886,1.6617744e+18,886.0,714.0,716.0,707.5,712.5,135176.0,685463.0,694954.0,DCE.i2301,7200
887,1.6617816e+18,887.0,712.5,714.0,704.5,705.5,88214.0,694954.0,698197.0,DCE.i2301,7200
888,1.6618176e+18,888.0,706.0,709.0,693.5,696.0,204416.0,698197.0,716158.0,DCE.i2301,7200
889,1.6618248e+18,889.0,696.0,699.0,688.5,692.5,155200.0,716158.0,718843.0,DCE.i2301,7200
890,1.661832e+18,890.0,691.5,693.5,690.0,692.0,46044.0,718843.0,723874.0,DCE.i2301,7200
891,1.6618392e+18,891.0,692.0,693.0,680.5,682.0,191713.0,723874.0,714700.0,DCE.i2301,7200
892,1.6618608e+18,892.0,686.0,689.5,683.5,686.5,141179.0,714700.0,720001.0,DCE.i2301,7200
893,1.661868e+18,893.0,686.5,689.0,684.0,684.5,63086.0,720001.0,716184.0,DCE.i2301,7200
894,1.661904e+18,894.0,685.0,691.0,679.0,688.5,138145.0,716184.0,716348.0,DCE.i2301,7200
895,1.6619112e+18,895.0,688.5,689.0,677.0,677.0,146181.0,716348.0,733683.0,DCE.i2301,7200
896,1.6619184e+18,896.0,681.0,686.0,677.5,682.0,94793.0,733683.0,740803.0,DCE.i2301,7200
897,1.6619256e+18,897.0,682.0,686.0,679.0,685.0,107950.0,740803.0,734188.0,DCE.i2301,7200
898,1.6619472e+18,898.0,692.5,695.0,687.0,688.5,192166.0,734188.0,734146.0,DCE.i2301,7200
899,1.6619544e+18,899.0,688.5,697.5,686.0,694.0,117695.0,734146.0,727976.0,DCE.i2301,7200
900,1.6619904e+18,900.0,693.0,695.0,690.0,692.0,99763.0,727976.0,729478.0,DCE.i2301,7200
901,1.6619976e+18,901.0,692.0,693.5,683.0,691.0,149470.0,729478.0,732569.0,DCE.i2301,7200
902,1.6620048e+18,902.0,693.0,694.0,683.5,686.0,89979.0,732569.0,733148.0,DCE.i2301,7200
903,1.662012e+18,903.0,686.0,687.0,673.5,675.5,204324.0,733148.0,742469.0,DCE.i2301,7200
904,1.6620336e+18,904.0,668.5,677.0,665.0,671.0,206438.0,742469.0,749648.0,DCE.i2301,7200
905,1.6620408e+18,905.0,671.0,672.5,666.5,666.5,105073.0,749648.0,744703.0,DCE.i2301,7200
906,1.6620768e+18,906.0,667.0,671.0,657.5,658.0,170754.0,744703.0,761963.0,DCE.i2301,7200
907,1.662084e+18,907.0,658.0,669.5,652.0,667.5,241552.0,761963.0,744975.0,DCE.i2301,7200
908,1.6620912e+18,908.0,667.5,668.5,663.5,665.0,49799.0,744975.0,748862.0,DCE.i2301,7200
909,1.6620984e+18,909.0,665.0,671.0,660.0,667.5,154715.0,748862.0,735828.0,DCE.i2301,7200
910,1.66212e+18,910.0,667.5,672.5,663.0,666.0,145805.0,735828.0,747676.0,DCE.i2301,7200
911,1.6621272e+18,911.0,666.0,678.0,665.5,675.0,145072.0,747676.0,727302.0,DCE.i2301,7200
912,1.662336e+18,912.0,671.0,676.5,670.5,672.5,124470.0,727302.0,734858.0,DCE.i2301,7200
913,1.6623432e+18,913.0,672.5,689.0,672.5,688.0,212399.0,734858.0,723143.0,DCE.i2301,7200
914,1.6623504e+18,914.0,688.0,693.0,685.0,693.0,80648.0,723143.0,721341.0,DCE.i2301,7200
915,1.6623576e+18,915.0,693.0,696.5,691.5,692.0,144601.0,721341.0,717978.0,DCE.i2301,7200
916,1.6623792e+18,916.0,693.5,697.5,688.5,694.0,133470.0,717978.0,729855.0,DCE.i2301,7200
917,1.6623864e+18,917.0,694.0,699.5,692.0,694.5,92470.0,729855.0,725729.0,DCE.i2301,7200
918,1.6624224e+18,918.0,694.5,697.0,686.5,688.5,122783.0,725729.0,734326.0,DCE.i2301,7200
919,1.6624296e+18,919.0,688.5,695.0,685.5,694.0,127319.0,734326.0,732633.0,DCE.i2301,7200
920,1.6624368e+18,920.0,694.5,695.5,689.5,691.5,44620.0,732633.0,733836.0,DCE.i2301,7200
921,1.662444e+18,921.0,691.5,698.0,690.0,691.5,103404.0,733836.0,730392.0,DCE.i2301,7200
922,1.6624656e+18,922.0,690.0,698.0,687.5,687.5,157065.0,730392.0,735342.0,DCE.i2301,7200
923,1.6624728e+18,923.0,687.5,688.0,683.0,684.5,128417.0,735342.0,732513.0,DCE.i2301,7200
924,1.6625088e+18,924.0,685.5,685.5,676.5,682.5,166091.0,732513.0,742352.0,DCE.i2301,7200
925,1.662516e+18,925.0,682.5,687.5,675.5,679.5,133195.0,742352.0,739688.0,DCE.i2301,7200
926,1.6625232e+18,926.0,677.5,683.5,676.5,683.0,52241.0,739688.0,741061.0,DCE.i2301,7200
927,1.6625304e+18,927.0,683.0,687.5,679.0,680.0,113168.0,741061.0,737994.0,DCE.i2301,7200
928,1.662552e+18,928.0,680.0,689.0,678.0,686.0,182597.0,737994.0,741273.0,DCE.i2301,7200
929,1.6625592e+18,929.0,686.0,693.5,685.0,689.0,124280.0,741273.0,733909.0,DCE.i2301,7200
930,1.6625952e+18,930.0,689.0,693.5,685.5,686.5,104652.0,733909.0,738004.0,DCE.i2301,7200
931,1.6626024e+18,931.0,686.5,705.0,686.5,704.0,241695.0,738004.0,741508.0,DCE.i2301,7200
932,1.6626096e+18,932.0,705.5,708.5,702.5,704.5,109428.0,741508.0,741829.0,DCE.i2301,7200
933,1.6626168e+18,933.0,704.5,708.5,702.0,706.0,117519.0,741829.0,740548.0,DCE.i2301,7200
934,1.6626384e+18,934.0,707.0,711.0,705.0,708.5,153766.0,740548.0,752886.0,DCE.i2301,7200
935,1.6626456e+18,935.0,708.5,710.0,703.5,708.5,74852.0,752886.0,750280.0,DCE.i2301,7200
936,1.6626816e+18,936.0,710.5,717.5,709.5,717.5,148973.0,750280.0,763834.0,DCE.i2301,7200
937,1.6626888e+18,937.0,717.5,720.5,715.5,717.0,127510.0,763834.0,766142.0,DCE.i2301,7200
938,1.662696e+18,938.0,717.5,721.5,717.5,721.0,50244.0,766142.0,766373.0,DCE.i2301,7200
939,1.6627032e+18,939.0,721.0,724.5,719.5,720.5,146851.0,766373.0,754380.0,DCE.i2301,7200
